Date,PCR
2006-11-03,0.61
2006-11-04,0.64
2006-11-07,0.55
2006-11-08,0.57
2006-11-09,0.68
2006-11-10,0.61
2006-11-11,0.79
2006-11-14,0.59
2006-11-15,0.58
2006-11-16,0.52
2006-11-17,0.53
2006-11-18,0.47
2006-11-21,0.54
2006-11-22,0.62
2006-11-23,0.63
2006-11-25,0.52
2006-11-28,0.68
2006-11-29,0.65
2006-11-30,0.53
2006-12-01,0.58
2006-12-02,0.59
2006-12-05,0.64
2006-12-06,0.57
2006-12-07,0.54
2006-12-08,0.69
2006-12-09,0.55
2006-12-12,0.57
2006-12-13,0.7
2006-12-14,0.57
2006-12-15,0.45
2006-12-16,0.5
2006-12-19,0.59
2006-12-20,0.67
2006-12-21,0.54
2006-12-22,0.45
2006-12-23,0.66
2006-12-27,0.62
2006-12-28,0.68
2006-12-29,0.73
2006-12-30,0.54
2007-01-04,0.59
2007-01-05,0.51
2007-01-06,0.59
2007-01-09,0.71
2007-01-10,0.67
2007-01-11,0.58
2007-01-12,0.54
2007-01-13,0.56
2007-01-17,0.56
2007-01-18,0.55
2007-01-19,0.6
2007-01-20,0.55
2007-01-23,0.62
2007-01-24,0.65
2007-01-25,0.58
2007-01-26,0.71
2007-01-27,0.66
2007-01-30,0.6
2007-01-31,0.68
2007-02-01,0.56
2007-02-02,0.57
2007-02-03,0.7
2007-02-06,0.57
2007-02-07,0.55
2007-02-08,0.65
2007-02-09,0.57
2007-02-10,0.68
2007-02-13,0.78
2007-02-14,0.74
2007-02-15,0.67
2007-02-16,0.54
2007-02-17,0.55
2007-02-21,0.65
2007-02-22,0.71
2007-02-23,0.66
2007-02-24,0.73
2007-02-27,0.75
2007-02-28,0.87
2007-03-01,0.73
2007-03-02,0.8
2007-03-03,0.8
2007-03-06,0.96
2007-03-07,0.77
2007-03-08,0.7
2007-03-09,0.77
2007-03-10,0.82
2007-03-13,0.75
2007-03-14,0.98
2007-03-15,0.89
2007-03-16,0.79
2007-03-17,0.84
2007-03-20,0.61
2007-03-21,0.73
2007-03-22,0.66
2007-03-23,0.61
2007-03-24,0.65
2007-03-27,0.69
2007-03-28,0.62
2007-03-29,0.89
2007-03-30,0.76
2007-03-31,0.67
2007-04-03,0.63
2007-04-04,0.66
2007-04-05,0.74
2007-04-06,0.55
2007-04-10,0.61
2007-04-11,0.69
2007-04-12,0.69
2007-04-13,0.73
2007-04-14,0.67
2007-04-17,0.56
2007-04-18,0.67
2007-04-19,0.54
2007-04-20,0.62
2007-04-21,0.5
2007-04-24,0.58
2007-04-25,0.73
2007-04-26,0.6
2007-04-27,0.6
2007-04-28,0.58
2007-05-01,0.64
2007-05-02,0.73
2007-05-03,0.56
2007-05-04,0.66
2007-05-05,0.54
2007-05-08,0.45
2007-05-09,0.6
2007-05-10,0.53
2007-05-11,0.68
2007-05-12,0.62
2007-05-15,0.51
2007-05-16,0.63
2007-05-17,0.7
2007-05-18,0.49
2007-05-19,0.51
2007-05-22,0.55
2007-05-23,0.6
2007-05-24,0.67
2007-05-25,0.67
2007-05-26,0.55
2007-05-30,0.58
2007-05-31,0.65
2007-06-01,0.51
2007-06-02,0.5
2007-06-05,0.52
2007-06-06,0.63
2007-06-07,0.62
2007-06-08,0.72
2007-06-09,0.6
2007-06-12,0.71
2007-06-13,0.66
2007-06-14,0.58
2007-06-15,0.53
2007-06-16,0.48
2007-06-19,0.58
2007-06-20,0.62
2007-06-21,0.63
2007-06-22,0.61
2007-06-23,0.62
2007-06-26,0.76
2007-06-27,0.71
2007-06-28,0.65
2007-06-29,0.59
2007-06-30,0.65
2007-07-03,0.54
2007-07-04,0.59
2007-07-06,0.55
2007-07-07,0.53
2007-07-10,0.52
2007-07-11,0.59
2007-07-12,0.57
2007-07-13,0.48
2007-07-14,0.5
2007-07-17,0.54
2007-07-18,0.6
2007-07-19,0.73
2007-07-20,0.54
2007-07-21,0.69
2007-07-24,0.54
2007-07-25,0.79
2007-07-26,0.64
2007-07-27,0.85
2007-07-28,0.77
2007-07-31,0.71
2007-08-01,0.72
2007-08-02,0.87
2007-08-03,0.77
2007-08-04,0.8
2007-08-07,0.84
2007-08-08,0.69
2007-08-09,0.61
2007-08-10,0.65
2007-08-11,0.6
2007-08-14,0.71
2007-08-15,1.06
2007-08-16,1.05
2007-08-17,1.01
2007-08-18,0.74
2007-08-21,0.61
2007-08-22,0.62
2007-08-23,0.62
2007-08-24,0.71
2007-08-25,0.68
2007-08-28,0.68
2007-08-29,0.87
2007-08-30,0.68
2007-08-31,0.65
2007-09-01,0.65
2007-09-05,0.67
2007-09-06,0.72
2007-09-07,0.62
2007-09-08,0.77
2007-09-11,0.78
2007-09-12,0.84
2007-09-13,0.58
2007-09-14,0.61
2007-09-15,0.63
2007-09-18,0.65
2007-09-19,0.69
2007-09-20,0.58
2007-09-21,0.56
2007-09-22,0.53
2007-09-25,0.61
2007-09-26,0.75
2007-09-27,0.6
2007-09-28,0.58
2007-09-29,0.78
2007-10-02,0.57
2007-10-03,0.66
2007-10-04,0.58
2007-10-05,0.5
2007-10-06,0.56
2007-10-09,0.52
2007-10-10,0.61
2007-10-11,0.56
2007-10-12,0.6
2007-10-13,0.56
2007-10-16,0.53
2007-10-17,0.75
2007-10-18,0.67
2007-10-19,0.52
2007-10-20,0.73
2007-10-23,0.66
2007-10-24,0.64
2007-10-25,0.73
2007-10-26,0.76
2007-10-27,0.53
2007-10-30,0.57
2007-10-31,0.84
2007-11-01,0.45
2007-11-02,0.68
2007-11-03,0.7
2007-11-06,0.67
2007-11-07,0.71
2007-11-08,0.67
2007-11-09,0.83
2007-11-10,0.72
2007-11-13,0.59
2007-11-14,0.85
2007-11-15,0.62
2007-11-16,0.8
2007-11-17,0.99
2007-11-20,0.66
2007-11-21,0.79
2007-11-22,0.82
2007-11-24,0.54
2007-11-27,0.7
2007-11-28,0.55
2007-11-29,0.57
2007-11-30,0.59
2007-12-01,0.68
2007-12-04,0.62
2007-12-05,0.87
2007-12-06,0.63
2007-12-07,0.55
2007-12-08,0.6
2007-12-11,0.68
2007-12-12,0.79
2007-12-13,0.68
2007-12-14,0.74
2007-12-15,0.62
2007-12-18,0.64
2007-12-19,0.77
2007-12-20,0.71
2007-12-21,0.42
2007-12-22,0.64
2007-12-25,0.72
2007-12-27,0.66
2007-12-28,0.6
2007-12-29,0.56
2008-01-01,0.67
2008-01-03,0.78
2008-01-04,0.71
2008-01-05,0.61
2008-01-08,0.78
2008-01-09,0.97
2008-01-10,0.75
2008-01-11,0.69
2008-01-12,0.71
2008-01-15,0.7
2008-01-16,1.05
2008-01-17,0.87
2008-01-18,0.99
2008-01-19,0.99
2008-01-23,0.73
2008-01-24,0.75
2008-01-25,0.59
2008-01-26,0.67
2008-01-29,0.64
2008-01-30,0.65
2008-01-31,0.62
2008-02-01,0.7
2008-02-02,0.56
2008-02-05,0.68
2008-02-06,0.94
2008-02-07,0.8
2008-02-08,0.88
2008-02-09,0.79
2008-02-12,0.68
2008-02-13,0.78
2008-02-14,0.75
2008-02-15,0.74
2008-02-16,0.78
2008-02-20,0.67
2008-02-21,0.7
2008-02-22,0.69
2008-02-23,0.84
2008-02-26,0.65
2008-02-27,0.8
2008-02-28,0.74
2008-02-29,0.96
2008-03-01,0.84
2008-03-04,0.79
2008-03-05,0.96
2008-03-06,0.68
2008-03-07,1.12
2008-03-08,0.92
2008-03-11,1.0
2008-03-12,0.89
2008-03-13,0.84
2008-03-14,0.82
2008-03-15,1.16
2008-03-18,1.34
2008-03-19,0.78
2008-03-20,0.9
2008-03-21,0.81
2008-03-25,0.63
2008-03-26,0.77
2008-03-27,0.77
2008-03-28,0.85
2008-03-29,0.86
2008-04-01,0.85
2008-04-02,0.81
2008-04-03,0.78
2008-04-04,0.82
2008-04-05,0.82
2008-04-08,0.74
2008-04-09,0.9
2008-04-10,0.9
2008-04-11,0.79
2008-04-12,0.9
2008-04-15,0.85
2008-04-16,0.94
2008-04-17,0.72
2008-04-18,0.75
2008-04-19,0.59
2008-04-22,0.6
2008-04-23,0.66
2008-04-24,0.7
2008-04-25,0.67
2008-04-26,0.73
2008-04-29,0.66
2008-04-30,0.83
2008-05-01,0.66
2008-05-02,0.58
2008-05-03,0.62
2008-05-06,0.66
2008-05-07,0.57
2008-05-08,0.66
2008-05-09,0.6
2008-05-10,0.7
2008-05-13,0.66
2008-05-14,0.6
2008-05-15,0.62
2008-05-16,0.59
2008-05-17,0.59
2008-05-20,0.56
2008-05-21,0.7
2008-05-22,0.79
2008-05-23,0.63
2008-05-24,0.72
2008-05-28,0.66
2008-05-29,0.62
2008-05-30,0.67
2008-05-31,0.59
2008-06-03,0.76
2008-06-04,0.8
2008-06-05,0.76
2008-06-06,0.64
2008-06-07,0.76
2008-06-10,0.78
2008-06-11,0.81
2008-06-12,0.85
2008-06-13,0.77
2008-06-14,0.76
2008-06-17,0.81
2008-06-18,0.75
2008-06-19,0.86
2008-06-20,0.76
2008-06-21,0.92
2008-06-24,0.65
2008-06-25,0.7
2008-06-26,0.71
2008-06-27,0.79
2008-06-28,0.81
2008-07-01,0.77
2008-07-02,0.8
2008-07-03,0.71
2008-07-04,0.85
2008-07-08,0.9
2008-07-09,0.74
2008-07-10,0.84
2008-07-11,0.93
2008-07-12,0.91
2008-07-15,0.93
2008-07-16,0.94
2008-07-17,0.78
2008-07-18,0.74
2008-07-19,0.72
2008-07-22,0.7
2008-07-23,0.77
2008-07-24,0.65
2008-07-25,0.82
2008-07-26,0.73
2008-07-29,0.8
2008-07-30,0.68
2008-07-31,0.72
2008-08-01,0.73
2008-08-02,0.86
2008-08-05,0.72
2008-08-06,0.63
2008-08-07,0.73
2008-08-08,0.83
2008-08-09,0.59
2008-08-12,0.68
2008-08-13,0.73
2008-08-14,0.72
2008-08-15,0.7
2008-08-16,0.65
2008-08-19,0.76
2008-08-20,0.88
2008-08-21,0.7
2008-08-22,0.65
2008-08-23,0.59
2008-08-26,0.71
2008-08-27,0.8
2008-08-28,0.69
2008-08-29,0.72
2008-08-30,0.71
2008-09-03,0.69
2008-09-04,0.68
2008-09-05,0.79
2008-09-06,0.78
2008-09-09,0.77
2008-09-10,1.0
2008-09-11,0.85
2008-09-12,0.83
2008-09-13,0.9
2008-09-16,1.18
2008-09-17,0.94
2008-09-18,0.98
2008-09-19,0.81
2008-09-20,0.51
2008-09-23,0.73
2008-09-24,0.76
2008-09-25,0.71
2008-09-26,0.63
2008-09-27,0.82
2008-09-30,0.79
2008-10-01,0.73
2008-10-02,0.79
2008-10-03,0.92
2008-10-04,0.73
2008-10-07,0.96
2008-10-08,0.95
2008-10-09,0.9
2008-10-10,1.06
2008-10-11,1.02
2008-10-14,0.69
2008-10-15,0.81
2008-10-16,0.91
2008-10-17,0.94
2008-10-18,0.82
2008-10-21,0.63
2008-10-22,0.77
2008-10-23,0.9
2008-10-24,0.92
2008-10-25,0.98
2008-10-28,0.82
2008-10-29,0.68
2008-10-30,0.59
2008-10-31,0.69
2008-11-01,0.75
2008-11-04,0.75
2008-11-05,0.71
2008-11-06,0.81
2008-11-07,1.02
2008-11-08,0.76
2008-11-11,0.93
2008-11-12,0.96
2008-11-13,0.98
2008-11-14,0.93
2008-11-15,0.83
2008-11-18,0.86
2008-11-19,0.94
2008-11-20,1.16
2008-11-21,1.05
2008-11-22,1.13
2008-11-25,0.57
2008-11-26,0.7
2008-11-27,0.64
2008-11-29,0.72
2008-12-02,0.89
2008-12-03,0.75
2008-12-04,0.74
2008-12-05,0.81
2008-12-06,0.62
2008-12-09,0.73
2008-12-10,0.74
2008-12-11,0.77
2008-12-12,0.84
2008-12-13,0.92
2008-12-16,0.88
2008-12-17,0.72
2008-12-18,0.64
2008-12-19,0.81
2008-12-20,0.69
2008-12-23,0.68
2008-12-24,0.48
2008-12-25,0.65
2008-12-27,0.65
2008-12-30,0.62
2008-12-31,0.62
2009-01-01,0.61
2009-01-03,0.66
2009-01-06,0.67
2009-01-07,0.73
2009-01-08,1.0
2009-01-09,0.89
2009-01-10,0.87
2009-01-13,0.99
2009-01-14,0.92
2009-01-15,0.98
2009-01-16,1.0
2009-01-17,0.82
2009-01-21,0.9
2009-01-22,0.8
2009-01-23,0.76
2009-01-24,0.68
2009-01-27,0.66
2009-01-28,0.68
2009-01-29,0.62
2009-01-30,0.89
2009-01-31,0.87
2009-02-03,0.75
2009-02-04,0.77
2009-02-05,0.78
2009-02-06,0.73
2009-02-07,0.59
2009-02-10,0.63
2009-02-11,0.76
2009-02-12,0.81
2009-02-13,0.89
2009-02-14,0.74
2009-02-18,0.95
2009-02-19,0.89
2009-02-20,0.95
2009-02-21,0.83
2009-02-24,0.8
2009-02-25,0.64
2009-02-26,0.65
2009-02-27,0.66
2009-02-28,0.69
2009-03-03,0.86
2009-03-04,0.79
2009-03-05,0.84
2009-03-06,0.9
2009-03-07,0.83
2009-03-10,0.61
2009-03-11,0.57
2009-03-12,0.66
2009-03-13,0.61
2009-03-14,0.61
2009-03-17,0.69
2009-03-18,0.66
2009-03-19,0.54
2009-03-20,0.57
2009-03-21,0.73
2009-03-24,0.52
2009-03-25,0.62
2009-03-26,0.64
2009-03-27,0.67
2009-03-28,0.74
2009-03-31,0.77
2009-04-01,0.66
2009-04-02,0.71
2009-04-03,0.59
2009-04-04,0.67
2009-04-07,0.68
2009-04-08,0.8
2009-04-09,0.66
2009-04-10,0.56
2009-04-14,0.51
2009-04-15,0.57
2009-04-16,0.61
2009-04-17,0.6
2009-04-18,0.55
2009-04-21,0.79
2009-04-22,0.67
2009-04-23,0.64
2009-04-24,0.73
2009-04-25,0.67
2009-04-28,0.65
2009-04-29,0.73
2009-04-30,0.63
2009-05-01,0.64
2009-05-02,0.61
2009-05-05,0.54
2009-05-06,0.59
2009-05-07,0.59
2009-05-08,0.67
2009-05-09,0.62
2009-05-12,0.63
2009-05-13,0.67
2009-05-14,0.67
2009-05-15,0.62
2009-05-16,0.63
2009-05-19,0.55
2009-05-20,0.62
2009-05-21,0.63
2009-05-22,0.8
2009-05-23,0.63
2009-05-27,0.54
2009-05-28,0.71
2009-05-29,0.61
2009-05-30,0.63
2009-06-02,0.56
2009-06-03,0.63
2009-06-04,0.76
2009-06-05,0.63
2009-06-06,0.6
2009-06-09,0.75
2009-06-10,0.66
2009-06-11,0.72
2009-06-12,0.55
2009-06-13,0.65
2009-06-16,0.6
2009-06-17,0.8
2009-06-18,0.89
2009-06-19,0.77
2009-06-20,0.65
2009-06-23,0.72
2009-06-24,0.77
2009-06-25,0.62
2009-06-26,0.75
2009-06-27,0.71
2009-06-30,0.72
2009-07-01,0.83
2009-07-02,0.73
2009-07-03,0.72
2009-07-07,0.73
2009-07-08,0.86
2009-07-09,0.86
2009-07-10,0.79
2009-07-11,0.77
2009-07-14,0.69
2009-07-15,0.77
2009-07-16,0.61
2009-07-17,0.61
2009-07-18,0.57
2009-07-21,0.6
2009-07-22,0.61
2009-07-23,0.68
2009-07-24,0.66
2009-07-25,0.78
2009-07-28,0.54
2009-07-29,0.64
2009-07-30,0.62
2009-07-31,0.51
2009-08-01,0.65
2009-08-04,0.62
2009-08-05,0.58
2009-08-06,0.52
2009-08-07,0.66
2009-08-08,0.49
2009-08-11,0.56
2009-08-12,0.64
2009-08-13,0.6
2009-08-14,0.51
2009-08-15,0.59
2009-08-18,0.71
2009-08-19,0.63
2009-08-20,0.62
2009-08-21,0.5
2009-08-22,0.39
2009-08-25,0.52
2009-08-26,0.59
2009-08-27,0.64
2009-08-28,0.59
2009-08-29,0.58
2009-09-01,0.63
2009-09-02,0.69
2009-09-03,0.69
2009-09-04,0.6
2009-09-05,0.59
2009-09-09,0.59
2009-09-10,0.54
2009-09-11,0.61
2009-09-12,0.61
2009-09-15,0.55
2009-09-16,0.56
2009-09-17,0.46
2009-09-18,0.53
2009-09-19,0.56
2009-09-22,0.64
2009-09-23,0.55
2009-09-24,0.6
2009-09-25,0.71
2009-09-26,0.58
2009-09-29,0.6
2009-09-30,0.61
2009-10-01,0.73
2009-10-02,0.73
2009-10-03,0.85
2009-10-06,0.56
2009-10-07,0.48
2009-10-08,0.51
2009-10-09,0.53
2009-10-10,0.55
2009-10-13,0.56
2009-10-14,0.56
2009-10-15,0.47
2009-10-16,0.46
2009-10-17,0.54
2009-10-20,0.61
2009-10-21,0.67
2009-10-22,0.55
2009-10-23,0.6
2009-10-24,0.64
2009-10-27,0.65
2009-10-28,0.62
2009-10-29,0.69
2009-10-30,0.53
2009-10-31,0.8
2009-11-03,0.79
2009-11-04,0.69
2009-11-05,0.57
2009-11-06,0.64
2009-11-07,0.64
2009-11-10,0.53
2009-11-11,0.57
2009-11-12,0.51
2009-11-13,0.58
2009-11-14,0.62
2009-11-17,0.56
2009-11-18,0.66
2009-11-19,0.59
2009-11-20,0.73
2009-11-21,0.66
2009-11-24,0.55
2009-11-25,0.64
2009-11-26,0.61
2009-11-28,0.77
2009-12-01,0.77
2009-12-02,0.56
2009-12-03,0.55
2009-12-04,0.61
2009-12-05,0.66
2009-12-08,0.65
2009-12-09,0.63
2009-12-10,0.56
2009-12-11,0.6
2009-12-12,0.6
2009-12-15,0.61
2009-12-16,0.58
2009-12-17,0.65
2009-12-18,0.67
2009-12-19,0.67
2009-12-22,0.5
2009-12-23,0.65
2009-12-24,0.59
2009-12-25,0.49
2009-12-29,0.53
2009-12-30,0.59
2009-12-31,0.59
2010-01-01,0.59
2010-01-05,0.48
2010-01-06,0.55
2010-01-07,0.5
2010-01-08,0.48
2010-01-09,0.46
2010-01-12,0.46
2010-01-13,0.58
2010-01-14,0.55
2010-01-15,0.53
2010-01-16,0.58
2010-01-20,0.56
2010-01-21,0.66
2010-01-22,0.7
2010-01-23,0.75
2010-01-26,0.64
2010-01-27,0.65
2010-01-28,0.67
2010-01-29,0.65
2010-01-30,0.73
2010-02-02,0.58
2010-02-03,0.58
2010-02-04,0.64
2010-02-05,0.78
2010-02-06,0.78
2010-02-09,0.7
2010-02-10,0.71
2010-02-11,0.63
2010-02-12,0.73
2010-02-13,0.61
2010-02-17,0.63
2010-02-18,0.61
2010-02-19,0.67
2010-02-20,0.66
2010-02-23,0.6
2010-02-24,0.78
2010-02-25,0.67
2010-02-26,0.81
2010-02-27,0.68
2010-03-02,0.58
2010-03-03,0.6
2010-03-04,0.65
2010-03-05,0.66
2010-03-06,0.52
2010-03-09,0.51
2010-03-10,0.46
2010-03-11,0.52
2010-03-12,0.53
2010-03-13,0.51
2010-03-16,0.56
2010-03-17,0.52
2010-03-18,0.49
2010-03-19,0.53
2010-03-20,0.6
2010-03-23,0.53
2010-03-24,0.58
2010-03-25,0.64
2010-03-26,0.49
2010-03-27,0.65
2010-03-30,0.64
2010-03-31,0.53
2010-04-01,0.51
2010-04-02,0.51
2010-04-06,0.43
2010-04-07,0.44
2010-04-08,0.57
2010-04-09,0.46
2010-04-10,0.48
2010-04-13,0.4
2010-04-14,0.48
2010-04-15,0.32
2010-04-16,0.36
2010-04-17,0.52
2010-04-20,0.5
2010-04-21,0.51
2010-04-22,0.52
2010-04-23,0.51
2010-04-24,0.48
2010-04-27,0.42
2010-04-28,0.57
2010-04-29,0.53
2010-04-30,0.49
2010-05-01,0.61
2010-05-04,0.53
2010-05-05,0.68
2010-05-06,0.7
2010-05-07,0.72
2010-05-08,0.8
2010-05-11,0.62
2010-05-12,0.69
2010-05-13,0.51
2010-05-14,0.56
2010-05-15,0.73
2010-05-18,0.7
2010-05-19,0.64
2010-05-20,0.82
2010-05-21,0.91
2010-05-22,0.87
2010-05-25,0.62
2010-05-26,0.66
2010-05-27,0.53
2010-05-28,0.5
2010-05-29,0.58
2010-06-02,0.61
2010-06-03,0.63
2010-06-04,0.59
2010-06-05,0.6
2010-06-08,0.6
2010-06-09,0.7
2010-06-10,0.74
2010-06-11,0.66
2010-06-12,0.7
2010-06-15,0.7
2010-06-16,0.56
2010-06-17,0.66
2010-06-18,0.71
2010-06-19,0.62
2010-06-22,0.54
2010-06-23,0.63
2010-06-24,0.71
2010-06-25,0.82
2010-06-26,0.63
2010-06-29,0.66
2010-06-30,0.8
2010-07-01,0.62
2010-07-02,0.75
2010-07-03,0.6
2010-07-07,0.61
2010-07-08,0.52
2010-07-09,0.56
2010-07-10,0.58
2010-07-13,0.61
2010-07-14,0.49
2010-07-15,0.56
2010-07-16,0.61
2010-07-17,0.74
2010-07-20,0.51
2010-07-21,0.51
2010-07-22,0.63
2010-07-23,0.52
2010-07-24,0.55
2010-07-27,0.53
2010-07-28,0.52
2010-07-29,0.7
2010-07-30,0.65
2010-07-31,0.61
2010-08-03,0.56
2010-08-04,0.6
2010-08-05,0.56
2010-08-06,0.61
2010-08-07,0.58
2010-08-10,0.56
2010-08-11,0.63
2010-08-12,0.75
2010-08-13,0.61
2010-08-14,0.66
2010-08-17,0.7
2010-08-18,0.62
2010-08-19,0.67
2010-08-20,0.71
2010-08-21,0.73
2010-08-24,0.4
2010-08-25,0.73
2010-08-26,0.61
2010-08-27,0.62
2010-08-28,0.56
2010-08-31,0.58
2010-09-01,0.74
2010-09-02,0.48
2010-09-03,0.55
2010-09-04,0.56
2010-09-08,0.61
2010-09-09,0.54
2010-09-10,0.6
2010-09-11,0.66
2010-09-14,0.52
2010-09-15,0.59
2010-09-16,0.56
2010-09-17,0.58
2010-09-18,0.59
2010-09-21,0.48
2010-09-22,0.6
2010-09-23,0.73
2010-09-24,0.63
2010-09-25,0.53
2010-09-28,0.57
2010-09-29,0.59
2010-09-30,0.54
2010-10-01,0.52
2010-10-02,0.54
2010-10-05,0.59
2010-10-06,0.54
2010-10-07,0.58
2010-10-08,0.66
2010-10-09,0.55
2010-10-12,0.57
2010-10-13,0.51
2010-10-14,0.45
2010-10-15,0.57
2010-10-16,0.56
2010-10-19,0.56
2010-10-20,0.74
2010-10-21,0.66
2010-10-22,0.72
2010-10-23,0.68
2010-10-26,0.63
2010-10-27,0.6
2010-10-28,0.62
2010-10-29,0.6
2010-10-30,0.54
2010-11-02,0.63
2010-11-03,0.54
2010-11-04,0.52
2010-11-05,0.44
2010-11-06,0.41
2010-11-09,0.5
2010-11-10,0.56
2010-11-11,0.47
2010-11-12,0.55
2010-11-13,0.63
2010-11-16,0.55
2010-11-17,0.66
2010-11-18,0.56
2010-11-19,0.53
2010-11-20,0.56
2010-11-23,0.56
2010-11-24,0.7
2010-11-25,0.53
2010-11-27,0.64
2010-11-30,0.7
2010-12-01,0.57
2010-12-02,0.45
2010-12-03,0.45
2010-12-04,0.5
2010-12-07,0.49
2010-12-08,0.45
2010-12-09,0.47
2010-12-10,0.43
2010-12-11,0.42
2010-12-14,0.35
2010-12-15,0.5
2010-12-16,0.51
2010-12-17,0.5
2010-12-18,0.49
2010-12-21,0.58
2010-12-22,0.5
2010-12-23,0.47
2010-12-24,0.52
2010-12-28,0.53
2010-12-29,0.55
2010-12-30,0.52
2010-12-31,0.51
2011-01-01,0.7
2011-01-04,0.4
2011-01-05,0.43
2011-01-06,0.48
2011-01-07,0.46
2011-01-08,0.5
2011-01-11,0.54
2011-01-12,0.53
2011-01-13,0.45
2011-01-14,0.5
2011-01-15,0.37
2011-01-19,0.44
2011-01-20,0.47
2011-01-21,0.67
2011-01-22,0.55
2011-01-25,0.51
2011-01-26,0.63
2011-01-27,0.58
2011-01-28,0.56
2011-01-29,0.65
2011-02-01,0.61
2011-02-02,0.49
2011-02-03,0.45
2011-02-04,0.58
2011-02-05,0.64
2011-02-08,0.46
2011-02-09,0.52
2011-02-10,0.52
2011-02-11,0.55
2011-02-12,0.51
2011-02-15,0.51
2011-02-16,0.53
2011-02-17,0.58
2011-02-18,0.5
2011-02-19,0.61
2011-02-23,0.68
2011-02-24,0.72
2011-02-25,0.71
2011-02-26,0.49
2011-03-01,0.53
2011-03-02,0.64
2011-03-03,0.55
2011-03-04,0.55
2011-03-05,0.57
2011-03-08,0.64
2011-03-09,0.54
2011-03-10,0.6
2011-03-11,0.73
2011-03-12,0.62
2011-03-15,0.67
2011-03-16,0.71
2011-03-17,0.79
2011-03-18,0.71
2011-03-19,0.67
2011-03-22,0.49
2011-03-23,0.55
2011-03-24,0.59
2011-03-25,0.55
2011-03-26,0.53
2011-03-29,0.56
2011-03-30,0.52
2011-03-31,0.54
2011-04-01,0.56
2011-04-02,0.51
2011-04-05,0.59
2011-04-06,0.56
2011-04-07,0.55
2011-04-08,0.53
2011-04-09,0.58
2011-04-12,0.62
2011-04-13,0.58
2011-04-14,0.65
2011-04-15,0.69
2011-04-16,0.63
2011-04-19,0.6
2011-04-20,0.64
2011-04-21,0.51
2011-04-22,0.62
2011-04-26,0.57
2011-04-27,0.57
2011-04-28,0.59
2011-04-29,0.54
2011-04-30,0.59
2011-05-03,0.5
2011-05-04,0.61
2011-05-05,0.72
2011-05-06,0.65
2011-05-07,0.62
2011-05-10,0.63
2011-05-11,0.58
2011-05-12,0.67
2011-05-13,0.67
2011-05-14,0.73
2011-05-17,0.61
2011-05-18,0.75
2011-05-19,0.68
2011-05-20,0.7
2011-05-21,0.75
2011-05-24,0.69
2011-05-25,0.61
2011-05-26,0.51
2011-05-27,0.6
2011-05-28,0.51
2011-06-01,0.54
2011-06-02,0.76
2011-06-03,0.71
2011-06-04,0.71
2011-06-07,0.8
2011-06-08,0.74
2011-06-09,0.95
2011-06-10,0.77
2011-06-11,1.01
2011-06-14,0.73
2011-06-15,0.65
2011-06-16,1.09
2011-06-17,1.03
2011-06-18,1.09
2011-06-21,0.57
2011-06-22,0.59
2011-06-23,0.53
2011-06-24,0.65
2011-06-25,0.7
2011-06-28,0.62
2011-06-29,0.59
2011-06-30,0.56
2011-07-01,0.54
2011-07-02,0.55
2011-07-06,0.64
2011-07-07,0.71
2011-07-08,0.56
2011-07-09,0.58
2011-07-12,0.74
2011-07-13,0.67
2011-07-14,0.67
2011-07-15,0.78
2011-07-16,0.64
2011-07-19,0.68
2011-07-20,0.51
2011-07-21,0.61
2011-07-22,0.56
2011-07-23,0.6
2011-07-26,0.6
2011-07-27,0.58
2011-07-28,0.66
2011-07-29,0.68
2011-07-30,0.77
2011-08-02,0.76
2011-08-03,0.68
2011-08-04,0.77
2011-08-05,0.96
2011-08-06,0.94
2011-08-09,1.07
2011-08-10,0.85
2011-08-11,0.81
2011-08-12,0.62
2011-08-13,0.75
2011-08-16,0.68
2011-08-17,0.74
2011-08-18,0.8
2011-08-19,0.96
2011-08-20,1.03
2011-08-23,0.73
2011-08-24,0.67
2011-08-25,0.66
2011-08-26,0.77
2011-08-27,0.73
2011-08-30,0.54
2011-08-31,0.72
2011-09-01,0.65
2011-09-02,0.69
2011-09-03,0.84
2011-09-07,0.75
2011-09-08,0.62
2011-09-09,0.71
2011-09-10,0.86
2011-09-13,0.72
2011-09-14,0.71
2011-09-15,0.64
2011-09-16,0.68
2011-09-17,0.67
2011-09-20,0.62
2011-09-21,0.63
2011-09-22,0.79
2011-09-23,0.85
2011-09-24,0.65
2011-09-27,0.59
2011-09-28,0.61
2011-09-29,0.82
2011-09-30,0.8
2011-10-01,0.81
2011-10-04,0.85
2011-10-05,0.77
2011-10-06,0.69
2011-10-07,0.67
2011-10-08,0.71
2011-10-11,0.63
2011-10-12,0.77
2011-10-13,0.64
2011-10-14,0.71
2011-10-15,0.6
2011-10-18,0.71
2011-10-19,0.62
2011-10-20,0.71
2011-10-21,0.74
2011-10-22,0.5
2011-10-25,0.52
2011-10-26,0.79
2011-10-27,0.7
2011-10-28,0.5
2011-10-29,0.55
2011-11-01,0.77
2011-11-02,0.89
2011-11-03,0.68
2011-11-04,0.63
2011-11-05,0.79
2011-11-08,0.65
2011-11-09,0.65
2011-11-10,0.91
2011-11-11,0.75
2011-11-12,0.64
2011-11-15,0.77
2011-11-16,0.71
2011-11-17,0.74
2011-11-18,0.82
2011-11-19,0.9
2011-11-22,0.66
2011-11-23,0.67
2011-11-24,0.71
2011-11-26,0.75
2011-11-29,0.65
2011-11-30,0.61
2011-12-01,0.55
2011-12-02,0.63
2011-12-03,0.58
2011-12-06,0.67
2011-12-07,0.73
2011-12-08,0.73
2011-12-09,0.76
2011-12-10,0.7
2011-12-13,0.6
2011-12-14,0.78
2011-12-15,0.82
2011-12-16,0.9
2011-12-17,0.89
2011-12-20,0.61
2011-12-21,0.53
2011-12-22,0.72
2011-12-23,0.68
2011-12-24,0.63
2011-12-28,0.71
2011-12-29,0.68
2011-12-30,0.69
2011-12-31,0.54
2012-01-04,0.55
2012-01-05,0.74
2012-01-06,0.61
2012-01-07,0.62
2012-01-10,0.66
2012-01-11,0.57
2012-01-12,0.54
2012-01-13,0.57
2012-01-14,0.6
2012-01-18,0.59
2012-01-19,0.55
2012-01-20,0.48
2012-01-21,0.52
2012-01-24,0.64
2012-01-25,0.62
2012-01-26,0.57
2012-01-27,0.65
2012-01-28,0.6
2012-01-31,0.67
2012-02-01,0.61
2012-02-02,0.61
2012-02-03,0.62
2012-02-04,0.51
2012-02-07,0.55
2012-02-08,0.58
2012-02-09,0.54
2012-02-10,0.55
2012-02-11,0.75
2012-02-14,0.53
2012-02-15,0.6
2012-02-16,0.63
2012-02-17,0.62
2012-02-18,0.51
2012-02-22,0.61
2012-02-23,0.63
2012-02-24,0.67
2012-02-25,0.69
2012-02-28,0.64
2012-02-29,0.57
2012-03-01,0.67
2012-03-02,0.64
2012-03-03,0.6
2012-03-06,0.73
2012-03-07,0.78
2012-03-08,0.62
2012-03-09,0.61
2012-03-10,0.63
2012-03-13,0.7
2012-03-14,0.59
2012-03-15,0.54
2012-03-16,0.52
2012-03-17,0.46
2012-03-20,0.5
2012-03-21,0.52
2012-03-22,0.55
2012-03-23,0.68
2012-03-24,0.61
2012-03-27,0.72
2012-03-28,0.55
2012-03-29,0.71
2012-03-30,0.67
2012-03-31,0.59
2012-04-03,0.52
2012-04-04,0.57
2012-04-05,0.66
2012-04-06,0.6
2012-04-10,0.69
2012-04-11,0.67
2012-04-12,0.65
2012-04-13,0.51
2012-04-14,0.72
2012-04-17,0.7
2012-04-18,0.57
2012-04-19,0.59
2012-04-20,0.65
2012-04-21,0.63
2012-04-24,0.59
2012-04-25,0.66
2012-04-26,0.48
2012-04-27,0.62
2012-04-28,0.6
2012-05-01,0.64
2012-05-02,0.53
2012-05-03,0.74
2012-05-04,0.75
2012-05-05,0.71
2012-05-08,0.65
2012-05-09,0.74
2012-05-10,0.67
2012-05-11,0.68
2012-05-12,0.74
2012-05-15,0.84
2012-05-16,0.81
2012-05-17,0.88
2012-05-18,0.88
2012-05-19,0.99
2012-05-22,0.54
2012-05-23,0.63
2012-05-24,0.73
2012-05-25,0.74
2012-05-26,0.66
2012-05-30,0.66
2012-05-31,0.77
2012-06-01,0.79
2012-06-02,0.79
2012-06-05,0.78
2012-06-06,0.69
2012-06-07,0.66
2012-06-08,0.64
2012-06-09,0.78
2012-06-12,0.81
2012-06-13,0.72
2012-06-14,0.92
2012-06-15,0.83
2012-06-16,0.69
2012-06-19,0.57
2012-06-20,0.59
2012-06-21,0.65
2012-06-22,0.8
2012-06-23,0.61
2012-06-26,0.78
2012-06-27,0.73
2012-06-28,0.65
2012-06-29,0.75
2012-06-30,0.69
2012-07-03,0.72
2012-07-04,0.65
2012-07-06,0.64
2012-07-07,0.75
2012-07-10,0.78
2012-07-11,0.72
2012-07-12,0.81
2012-07-13,0.7
2012-07-14,0.64
2012-07-17,0.67
2012-07-18,0.67
2012-07-19,0.66
2012-07-20,0.68
2012-07-21,0.75
2012-07-24,0.7
2012-07-25,0.66
2012-07-26,0.71
2012-07-27,0.71
2012-07-28,0.64
2012-07-31,0.66
2012-08-01,0.68
2012-08-02,0.72
2012-08-03,0.78
2012-08-04,0.6
2012-08-07,0.63
2012-08-08,0.55
2012-08-09,0.58
2012-08-10,0.62
2012-08-11,0.7
2012-08-14,0.56
2012-08-15,0.66
2012-08-16,0.62
2012-08-17,0.69
2012-08-18,0.54
2012-08-21,0.62
2012-08-22,0.67
2012-08-23,0.65
2012-08-24,0.74
2012-08-25,0.68
2012-08-28,0.69
2012-08-29,0.61
2012-08-30,0.79
2012-08-31,0.84
2012-09-01,0.67
2012-09-05,0.75
2012-09-06,0.67
2012-09-07,0.59
2012-09-08,0.54
2012-09-11,0.66
2012-09-12,0.54
2012-09-13,0.57
2012-09-14,0.54
2012-09-15,0.53
2012-09-18,0.64
2012-09-19,0.62
2012-09-20,0.56
2012-09-21,0.75
2012-09-22,0.62
2012-09-25,0.61
2012-09-26,0.73
2012-09-27,0.75
2012-09-28,0.6
2012-09-29,0.76
2012-10-02,0.63
2012-10-03,0.55
2012-10-04,0.71
2012-10-05,0.58
2012-10-06,0.67
2012-10-09,0.55
2012-10-10,0.73
2012-10-11,0.71
2012-10-12,0.65
2012-10-13,0.74
2012-10-16,0.73
2012-10-17,0.61
2012-10-18,0.59
2012-10-19,0.65
2012-10-20,0.8
2012-10-23,0.67
2012-10-24,0.86
2012-10-25,0.71
2012-10-26,0.76
2012-10-27,0.77
2012-11-01,0.68
2012-11-02,0.6
2012-11-03,0.77
2012-11-06,0.61
2012-11-07,0.63
2012-11-08,0.76
2012-11-09,0.8
2012-11-10,0.82
2012-11-13,0.65
2012-11-14,0.72
2012-11-15,0.78
2012-11-16,0.83
2012-11-17,0.81
2012-11-20,0.56
2012-11-21,0.67
2012-11-22,0.61
2012-11-24,0.59
2012-11-27,0.64
2012-11-28,0.58
2012-11-29,0.6
2012-11-30,0.62
2012-12-01,0.73
2012-12-04,0.57
2012-12-05,0.81
2012-12-06,0.6
2012-12-07,0.67
2012-12-08,0.64
2012-12-11,0.62
2012-12-12,0.59
2012-12-13,0.61
2012-12-14,0.61
2012-12-15,0.7
2012-12-18,0.6
2012-12-19,0.51
2012-12-20,0.64
2012-12-21,0.64
2012-12-22,0.71
2012-12-25,0.65
2012-12-27,0.74
2012-12-28,0.68
2012-12-29,0.64
2013-01-01,0.62
2013-01-03,0.55
2013-01-04,0.53
2013-01-05,0.64
2013-01-08,0.68
2013-01-09,0.78
2013-01-10,0.61
2013-01-11,0.66
2013-01-12,0.63
2013-01-15,0.52
2013-01-16,0.67
2013-01-17,0.75
2013-01-18,0.61
2013-01-19,0.54
2013-01-23,0.68
2013-01-24,0.69
2013-01-25,0.65
2013-01-26,0.64
2013-01-29,0.76
2013-01-30,0.68
2013-01-31,0.67
2013-02-01,0.73
2013-02-02,0.57
2013-02-05,0.69
2013-02-06,0.59
2013-02-07,0.6
2013-02-08,0.66
2013-02-09,0.57
2013-02-12,0.56
2013-02-13,0.61
2013-02-14,0.65
2013-02-15,0.62
2013-02-16,0.59
2013-02-20,0.58
2013-02-21,0.72
2013-02-22,0.72
2013-02-23,0.59
2013-02-26,0.73
2013-02-27,0.75
2013-02-28,0.63
2013-03-01,0.67
2013-03-02,0.74
2013-03-05,0.67
2013-03-06,0.65
2013-03-07,0.54
2013-03-08,0.59
2013-03-09,0.62
2013-03-12,0.65
2013-03-13,0.61
2013-03-14,0.62
2013-03-15,0.64
2013-03-16,0.56
2013-03-19,0.65
2013-03-20,0.72
2013-03-21,0.59
2013-03-22,0.64
2013-03-23,0.69
2013-03-26,0.72
2013-03-27,0.62
2013-03-28,0.68
2013-03-29,0.62
2013-04-02,0.7
2013-04-03,0.64
2013-04-04,0.76
2013-04-05,0.73
2013-04-06,0.7
2013-04-09,0.58
2013-04-10,0.6
2013-04-11,0.58
2013-04-12,0.62
2013-04-13,0.7
2013-04-16,0.7
2013-04-17,0.7
2013-04-18,0.79
2013-04-19,0.75
2013-04-20,0.85
2013-04-23,0.66
2013-04-24,0.66
2013-04-25,0.58
2013-04-26,0.61
2013-04-27,0.65
2013-04-30,0.58
2013-05-01,0.62
2013-05-02,0.68
2013-05-03,0.55
2013-05-04,0.61
2013-05-07,0.53
2013-05-08,0.63
2013-05-09,0.66
2013-05-10,0.58
2013-05-11,0.59
2013-05-14,0.6
2013-05-15,0.52
2013-05-16,0.52
2013-05-17,0.54
2013-05-18,0.5
2013-05-21,0.52
2013-05-22,0.54
2013-05-23,0.67
2013-05-24,0.67
2013-05-25,0.73
2013-05-29,0.58
2013-05-30,0.64
2013-05-31,0.48
2013-06-01,0.66
2013-06-04,0.63
2013-06-05,0.67
2013-06-06,0.73
2013-06-07,0.63
2013-06-08,0.67
2013-06-11,0.59
2013-06-12,0.81
2013-06-13,0.75
2013-06-14,0.63
2013-06-15,0.73
2013-06-18,0.65
2013-06-19,0.54
2013-06-20,0.66
2013-06-21,0.79
2013-06-22,0.82
2013-06-25,0.65
2013-06-26,0.59
2013-06-27,0.67
2013-06-28,0.71
2013-06-29,0.66
2013-07-02,0.6
2013-07-03,0.65
2013-07-04,0.76
2013-07-06,0.6
2013-07-09,0.69
2013-07-10,0.54
2013-07-11,0.57
2013-07-12,0.57
2013-07-13,0.67
2013-07-16,0.53
2013-07-17,0.64
2013-07-18,0.62
2013-07-19,0.5
2013-07-20,0.54
2013-07-23,0.67
2013-07-24,0.66
2013-07-25,0.65
2013-07-26,0.59
2013-07-27,0.64
2013-07-30,0.6
2013-07-31,0.56
2013-08-01,0.6
2013-08-02,0.55
2013-08-03,0.58
2013-08-06,0.59
2013-08-07,0.63
2013-08-08,0.63
2013-08-09,0.58
2013-08-10,0.58
2013-08-13,0.55
2013-08-14,0.49
2013-08-15,0.53
2013-08-16,0.66
2013-08-17,0.6
2013-08-20,0.54
2013-08-21,0.61
2013-08-22,0.64
2013-08-23,0.55
2013-08-24,0.6
2013-08-27,0.61
2013-08-28,0.68
2013-08-29,0.55
2013-08-30,0.6
2013-08-31,0.67
2013-09-04,0.54
2013-09-05,0.54
2013-09-06,0.52
2013-09-07,0.5
2013-09-10,0.45
2013-09-11,0.48
2013-09-12,0.61
2013-09-13,0.63
2013-09-14,0.6
2013-09-17,0.57
2013-09-18,0.57
2013-09-19,0.53
2013-09-20,0.57
2013-09-21,0.6
2013-09-24,0.7
2013-09-25,0.56
2013-09-26,0.62
2013-09-27,0.49
2013-09-28,0.7
2013-10-01,0.76
2013-10-02,0.53
2013-10-03,0.61
2013-10-04,0.69
2013-10-05,0.59
2013-10-08,0.6
2013-10-09,0.72
2013-10-10,0.69
2013-10-11,0.63
2013-10-12,0.6
2013-10-15,0.59
2013-10-16,0.66
2013-10-17,0.54
2013-10-18,0.54
2013-10-19,0.46
2013-10-22,0.53
2013-10-23,0.54
2013-10-24,0.58
2013-10-25,0.6
2013-10-26,0.64
2013-10-29,0.53
2013-10-30,0.52
2013-10-31,0.6
2013-11-01,0.57
2013-11-02,0.61
2013-11-05,0.54
2013-11-06,0.57
2013-11-07,0.58
2013-11-08,0.57
2013-11-09,0.51
2013-11-12,0.52
2013-11-13,0.55
2013-11-14,0.56
2013-11-15,0.59
2013-11-16,0.55
2013-11-19,0.58
2013-11-20,0.69
2013-11-21,0.63
2013-11-22,0.48
2013-11-23,0.6
2013-11-26,0.54
2013-11-27,0.54
2013-11-28,0.6
2013-11-30,0.48
2013-12-03,0.51
2013-12-04,0.61
2013-12-05,0.56
2013-12-06,0.52
2013-12-07,0.53
2013-12-10,0.62
2013-12-11,0.58
2013-12-12,0.62
2013-12-13,0.53
2013-12-14,0.67
2013-12-17,0.5
2013-12-18,0.53
2013-12-19,0.62
2013-12-20,0.52
2013-12-21,0.5
2013-12-24,0.49
2013-12-25,0.46
2013-12-27,0.59
2013-12-28,0.54
2013-12-31,0.49
2014-01-01,0.46
2014-01-03,0.56
2014-01-04,0.54
2014-01-07,0.52
2014-01-08,0.47
2014-01-09,0.5
2014-01-10,0.55
2014-01-11,0.53
2014-01-14,0.61
2014-01-15,0.52
2014-01-16,0.48
2014-01-17,0.57
2014-01-18,0.53
2014-01-22,0.57
2014-01-23,0.52
2014-01-24,0.65
2014-01-25,0.69
2014-01-28,0.53
2014-01-29,0.53
2014-01-30,0.62
2014-01-31,0.54
2014-02-01,0.66
2014-02-04,0.61
2014-02-05,0.6
2014-02-06,0.62
2014-02-07,0.61
2014-02-08,0.68
2014-02-11,0.71
2014-02-12,0.55
2014-02-13,0.64
2014-02-14,0.57
2014-02-15,0.57
2014-02-19,0.61
2014-02-20,0.55
2014-02-21,0.58
2014-02-22,0.55
2014-02-25,0.55
2014-02-26,0.57
2014-02-27,0.57
2014-02-28,0.58
2014-03-01,0.63
2014-03-04,0.62
2014-03-05,0.48
2014-03-06,0.46
2014-03-07,0.53
2014-03-08,0.55
2014-03-11,0.67
2014-03-12,0.58
2014-03-13,0.71
2014-03-14,0.69
2014-03-15,0.69
2014-03-18,0.57
2014-03-19,0.55
2014-03-20,0.53
2014-03-21,0.55
2014-03-22,0.62
2014-03-25,0.66
2014-03-26,0.53
2014-03-27,0.64
2014-03-28,0.57
2014-03-29,0.64
2014-04-01,0.57
2014-04-02,0.47
2014-04-03,0.51
2014-04-04,0.59
2014-04-05,0.65
2014-04-08,0.62
2014-04-09,0.56
2014-04-10,0.45
2014-04-11,0.7
2014-04-12,0.75
2014-04-15,0.61
2014-04-16,0.59
2014-04-17,0.53
2014-04-18,0.57
2014-04-22,0.47
2014-04-23,0.48
2014-04-24,0.69
2014-04-25,0.61
2014-04-26,0.71
2014-04-29,0.69
2014-04-30,0.61
2014-05-01,0.54
2014-05-02,0.56
2014-05-03,0.65
2014-05-06,0.65
2014-05-07,0.68
2014-05-08,0.67
2014-05-09,0.66
2014-05-10,0.72
2014-05-13,0.53
2014-05-14,0.61
2014-05-15,0.72
2014-05-16,0.69
2014-05-17,0.68
2014-05-20,0.54
2014-05-21,0.66
2014-05-22,0.68
2014-05-23,0.71
2014-05-24,0.58
2014-05-28,0.53
2014-05-29,0.56
2014-05-30,0.52
2014-05-31,0.56
2014-06-03,0.62
2014-06-04,0.58
2014-06-05,0.43
2014-06-06,0.5
2014-06-07,0.47
2014-06-10,0.48
2014-06-11,0.52
2014-06-12,0.5
2014-06-13,0.51
2014-06-14,0.56
2014-06-17,0.48
2014-06-18,0.49
2014-06-19,0.38
2014-06-20,0.47
2014-06-21,0.52
2014-06-24,0.54
2014-06-25,0.52
2014-06-26,0.49
2014-06-27,0.58
2014-06-28,0.52
2014-07-01,0.5
2014-07-02,0.51
2014-07-03,0.57
2014-07-04,0.49
2014-07-08,0.61
2014-07-09,0.63
2014-07-10,0.54
2014-07-11,0.67
2014-07-12,0.54
2014-07-15,0.58
2014-07-16,0.58
2014-07-17,0.5
2014-07-18,0.67
2014-07-19,0.56
2014-07-22,0.62
2014-07-23,0.59
2014-07-24,0.59
2014-07-25,0.58
2014-07-26,0.62
2014-07-29,0.59
2014-07-30,0.6
2014-07-31,0.57
2014-08-01,0.64
2014-08-02,1.04
2014-08-05,0.63
2014-08-06,0.74
2014-08-07,0.8
2014-08-08,0.65
2014-08-09,0.65
2014-08-12,0.57
2014-08-13,0.67
2014-08-14,0.65
2014-08-15,0.6
2014-08-16,0.63
2014-08-19,0.5
2014-08-20,0.58
2014-08-21,0.56
2014-08-22,0.51
2014-08-23,0.56
2014-08-26,0.64
2014-08-27,0.53
2014-08-28,0.62
2014-08-29,0.62
2014-08-30,0.56
2014-09-03,0.63
2014-09-04,0.65
2014-09-05,0.65
2014-09-06,0.62
2014-09-09,0.61
2014-09-10,0.59
2014-09-11,0.58
2014-09-12,0.64
2014-09-13,0.58
2014-09-16,0.61
2014-09-17,0.64
2014-09-18,0.58
2014-09-19,0.62
2014-09-20,0.55
2014-09-23,0.69
2014-09-24,0.66
2014-09-25,0.63
2014-09-26,0.77
2014-09-27,0.71
2014-09-30,0.7
2014-10-01,0.65
2014-10-02,0.78
2014-10-03,0.62
2014-10-04,0.54
2014-10-07,0.63
2014-10-08,0.63
2014-10-09,0.66
2014-10-10,0.75
2014-10-11,0.87
2014-10-14,0.91
2014-10-15,0.78
2014-10-16,0.76
2014-10-17,0.64
2014-10-18,0.71
2014-10-21,0.59
2014-10-22,0.6
2014-10-23,0.74
2014-10-24,0.61
2014-10-25,0.63
2014-10-28,0.66
2014-10-29,0.67
2014-10-30,0.72
2014-10-31,0.58
2014-11-01,0.5
2014-11-04,0.61
2014-11-05,0.67
2014-11-06,0.63
2014-11-07,0.69
2014-11-08,0.57
2014-11-11,0.67
2014-11-12,0.64
2014-11-13,0.61
2014-11-14,0.57
2014-11-15,0.53
2014-11-18,0.56
2014-11-19,0.47
2014-11-20,0.6
2014-11-21,0.55
2014-11-22,0.49
2014-11-25,0.54
2014-11-26,0.62
2014-11-27,0.63
2014-11-29,0.65
2014-12-02,0.62
2014-12-03,0.65
2014-12-04,0.65
2014-12-05,0.66
2014-12-06,0.5
2014-12-09,0.62
2014-12-10,0.78
2014-12-11,0.74
2014-12-12,0.72
2014-12-13,0.79
2014-12-16,0.75
2014-12-17,0.74
2014-12-18,0.71
2014-12-19,0.58
2014-12-20,0.59
2014-12-23,0.49
2014-12-24,0.52
2014-12-25,0.6
2014-12-27,0.55
2014-12-30,0.64
2014-12-31,0.66
2015-01-01,0.56
2015-01-03,0.8
2015-01-06,0.79
2015-01-07,0.59
2015-01-08,0.73
2015-01-09,0.54
2015-01-10,0.64
2015-01-13,0.68
2015-01-14,0.66
2015-01-15,0.75
2015-01-16,0.72
2015-01-17,0.68
2015-01-21,0.61
2015-01-22,0.6
2015-01-23,0.58
2015-01-24,0.7
2015-01-27,0.66
2015-01-28,0.76
2015-01-29,0.67
2015-01-30,0.79
2015-01-31,0.68
2015-02-03,0.76
2015-02-04,0.54
2015-02-05,0.59
2015-02-06,0.66
2015-02-07,0.69
2015-02-10,0.75
2015-02-11,0.66
2015-02-12,0.63
2015-02-13,0.55
2015-02-14,0.56
2015-02-18,0.58
2015-02-19,0.58
2015-02-20,0.55
2015-02-21,0.53
2015-02-24,0.62
2015-02-25,0.57
2015-02-26,0.64
2015-02-27,0.65
2015-02-28,0.64
2015-03-03,0.57
2015-03-04,0.66
2015-03-05,0.61
2015-03-06,0.64
2015-03-07,0.67
2015-03-10,0.65
2015-03-11,0.67
2015-03-12,0.67
2015-03-13,0.65
2015-03-14,0.8
2015-03-17,0.69
2015-03-18,0.74
2015-03-19,0.65
2015-03-20,0.59
2015-03-21,0.57
2015-03-24,0.56
2015-03-25,0.7
2015-03-26,0.69
2015-03-27,0.58
2015-03-28,0.79
2015-03-31,0.53
2015-04-01,0.65
2015-04-02,0.76
2015-04-03,0.81
2015-04-07,0.5
2015-04-08,0.59
2015-04-09,0.6
2015-04-10,0.6
2015-04-11,0.54
2015-04-14,0.59
2015-04-15,0.66
2015-04-16,0.59
2015-04-17,0.67
2015-04-18,0.74
2015-04-21,0.56
2015-04-22,0.64
2015-04-23,0.57
2015-04-24,0.66
2015-04-25,0.6
2015-04-28,0.65
2015-04-29,0.64
2015-04-30,0.69
2015-05-01,0.72
2015-05-02,0.61
2015-05-05,0.55
2015-05-06,0.74
2015-05-07,0.73
2015-05-08,0.69
2015-05-09,0.55
2015-05-12,0.61
2015-05-13,0.64
2015-05-14,0.56
2015-05-15,0.6
2015-05-16,0.56
2015-05-19,0.66
2015-05-20,0.59
2015-05-21,0.58
2015-05-22,0.71
2015-05-23,0.64
2015-05-27,0.74
2015-05-28,0.58
2015-05-29,0.71
2015-05-30,0.57
2015-06-02,0.66
2015-06-03,0.54
2015-06-04,0.51
2015-06-05,0.61
2015-06-06,0.61
2015-06-09,0.61
2015-06-10,0.63
2015-06-11,0.46
2015-06-12,0.59
2015-06-13,0.67
2015-06-16,0.66
2015-06-17,0.64
2015-06-18,0.55
2015-06-19,0.64
2015-06-20,0.63
2015-06-23,0.56
2015-06-24,0.61
2015-06-25,0.52
2015-06-26,0.65
2015-06-27,0.74
2015-06-30,0.94
2015-07-01,0.84
2015-07-02,0.62
2015-07-03,0.7
2015-07-07,0.65
2015-07-08,0.78
2015-07-09,0.87
2015-07-10,0.69
2015-07-11,0.67
2015-07-14,0.55
2015-07-15,0.63
2015-07-16,0.68
2015-07-17,0.71
2015-07-18,0.55
2015-07-21,0.56
2015-07-22,0.69
2015-07-23,0.61
2015-07-24,0.78
2015-07-25,0.86
2015-07-28,0.74
2015-07-29,0.62
2015-07-30,0.62
2015-07-31,0.5
2015-08-01,0.68
2015-08-04,0.73
2015-08-05,0.75
2015-08-06,0.77
2015-08-07,0.82
2015-08-08,0.83
2015-08-11,0.66
2015-08-12,0.79
2015-08-13,0.83
2015-08-14,0.74
2015-08-15,0.67
2015-08-18,0.69
2015-08-19,0.66
2015-08-20,0.81
2015-08-21,0.82
2015-08-22,1.04
2015-08-25,0.87
2015-08-26,0.7
2015-08-27,0.85
2015-08-28,0.76
2015-08-29,0.72
2015-09-01,0.66
2015-09-02,0.74
2015-09-03,0.73
2015-09-04,0.68
2015-09-05,0.89
2015-09-09,0.66
2015-09-10,0.71
2015-09-11,0.77
2015-09-12,0.81
2015-09-15,0.91
2015-09-16,0.87
2015-09-17,0.73
2015-09-18,0.74
2015-09-19,0.83
2015-09-22,0.55
2015-09-23,0.8
2015-09-24,0.69
2015-09-25,0.86
2015-09-26,0.74
2015-09-29,0.94
2015-09-30,0.95
2015-10-01,0.7
2015-10-02,0.73
2015-10-03,0.67
2015-10-06,0.62
2015-10-07,0.68
2015-10-08,0.83
2015-10-09,0.7
2015-10-10,0.64
2015-10-13,0.67
2015-10-14,0.8
2015-10-15,0.75
2015-10-16,0.87
2015-10-17,0.61
2015-10-20,0.67
2015-10-21,0.7
2015-10-22,0.83
2015-10-23,0.66
2015-10-24,0.63
2015-10-27,0.72
2015-10-28,0.74
2015-10-29,0.54
2015-10-30,0.56
2015-10-31,0.59
2015-11-03,0.58
2015-11-04,0.71
2015-11-05,0.73
2015-11-06,0.63
2015-11-07,0.66
2015-11-10,0.76
2015-11-11,0.8
2015-11-12,0.59
2015-11-13,0.83
2015-11-14,0.98
2015-11-17,0.71
2015-11-18,0.83
2015-11-19,0.72
2015-11-20,0.79
2015-11-21,0.67
2015-11-24,0.6
2015-11-25,0.67
2015-11-26,0.65
2015-11-28,0.76
2015-12-01,0.65
2015-12-02,0.61
2015-12-03,0.67
2015-12-04,0.9
2015-12-05,0.61
2015-12-08,0.83
2015-12-09,0.96
2015-12-10,0.66
2015-12-11,0.72
2015-12-12,0.92
2015-12-15,0.57
2015-12-16,0.66
2015-12-17,0.54
2015-12-18,0.77
2015-12-19,0.77
2015-12-22,0.64
2015-12-23,0.56
2015-12-24,0.56
2015-12-25,0.57
2015-12-29,1.21
2015-12-30,0.54
2015-12-31,0.59
2016-01-01,0.69
2016-01-05,0.8
2016-01-06,0.65
2016-01-07,0.7
2016-01-08,0.89
2016-01-09,0.93
2016-01-12,0.94
2016-01-13,0.86
2016-01-14,0.91
2016-01-15,0.82
2016-01-16,1.14
2016-01-20,0.62
2016-01-21,0.59
2016-01-22,0.69
2016-01-23,0.64
2016-01-26,0.69
2016-01-27,0.62
2016-01-28,0.71
2016-01-29,0.62
2016-01-30,0.58
2016-02-02,0.63
2016-02-03,0.76
2016-02-04,0.82
2016-02-05,0.75
2016-02-06,0.92
2016-02-09,0.93
2016-02-10,0.76
2016-02-11,0.78
2016-02-12,0.96
2016-02-13,0.71
2016-02-17,0.8
2016-02-18,0.68
2016-02-19,0.75
2016-02-20,0.87
2016-02-23,0.58
2016-02-24,0.71
2016-02-25,0.71
2016-02-26,0.62
2016-02-27,0.64
2016-03-01,0.6
2016-03-02,0.68
2016-03-03,0.64
2016-03-04,0.55
2016-03-05,0.59
2016-03-08,0.67
2016-03-09,0.9
2016-03-10,0.68
2016-03-11,0.74
2016-03-12,0.6
2016-03-15,0.69
2016-03-16,0.85
2016-03-17,0.71
2016-03-18,0.63
2016-03-19,0.55
2016-03-22,0.71
2016-03-23,0.88
2016-03-24,0.84
2016-03-25,0.82
2016-03-29,0.66
2016-03-30,0.61
2016-03-31,0.62
2016-04-01,0.68
2016-04-02,0.63
2016-04-05,0.65
2016-04-06,0.69
2016-04-07,0.61
2016-04-08,0.68
2016-04-09,0.75
2016-04-12,0.65
2016-04-13,0.72
2016-04-14,0.61
2016-04-15,0.68
2016-04-16,0.63
2016-04-19,0.69
2016-04-20,0.67
2016-04-21,0.68
2016-04-22,0.85
2016-04-23,0.61
2016-04-26,0.7
2016-04-27,0.53
2016-04-28,0.55
2016-04-29,0.77
2016-04-30,0.86
2016-05-03,0.74
2016-05-04,0.77
2016-05-05,0.8
2016-05-06,0.8
2016-05-07,0.92
2016-05-10,0.86
2016-05-11,0.91
2016-05-12,0.8
2016-05-13,0.8
2016-05-14,0.84
2016-05-17,0.6
2016-05-18,0.81
2016-05-19,0.75
2016-05-20,0.8
2016-05-21,0.78
2016-05-24,0.65
2016-05-25,0.6
2016-05-26,0.62
2016-05-27,0.55
2016-05-28,0.51
2016-06-01,0.58
2016-06-02,0.55
2016-06-03,0.69
2016-06-04,0.59
2016-06-07,0.59
2016-06-08,0.61
2016-06-09,0.59
2016-06-10,0.72
2016-06-11,0.81
2016-06-14,0.75
2016-06-15,0.79
2016-06-16,0.68
2016-06-17,0.77
2016-06-18,0.63
2016-06-21,0.6
2016-06-22,0.64
2016-06-23,0.77
2016-06-24,0.61
2016-06-25,1.01
2016-06-28,0.81
2016-06-29,0.59
2016-06-30,0.58
2016-07-01,0.65
2016-07-02,0.57
2016-07-06,0.73
2016-07-07,0.76
2016-07-08,0.6
2016-07-09,0.52
2016-07-12,0.58
2016-07-13,0.59
2016-07-14,0.56
2016-07-15,0.53
2016-07-16,0.52
2016-07-19,0.69
2016-07-20,0.67
2016-07-21,0.57
2016-07-22,0.61
2016-07-23,0.59
2016-07-26,0.71
2016-07-27,0.76
2016-07-28,0.66
2016-07-29,0.62
2016-07-30,0.62
2016-08-02,0.72
2016-08-03,0.72
2016-08-04,0.59
2016-08-05,0.65
2016-08-06,0.52
2016-08-09,0.58
2016-08-10,0.61
2016-08-11,0.62
2016-08-12,0.61
2016-08-13,0.55
2016-08-16,0.51
2016-08-17,0.7
2016-08-18,0.59
2016-08-19,0.54
2016-08-20,0.6
2016-08-23,0.63
2016-08-24,0.56
2016-08-25,0.68
2016-08-26,0.75
2016-08-27,0.73
2016-08-30,0.6
2016-08-31,0.63
2016-09-01,0.7
2016-09-02,0.7
2016-09-03,0.61
2016-09-07,0.5
2016-09-08,0.57
2016-09-09,0.61
2016-09-10,0.78
2016-09-13,0.64
2016-09-14,0.75
2016-09-15,0.55
2016-09-16,0.7
2016-09-17,0.65
2016-09-20,0.56
2016-09-21,0.66
2016-09-22,0.63
2016-09-23,0.57
2016-09-24,0.65
2016-09-27,0.73
2016-09-28,0.62
2016-09-29,0.65
2016-09-30,0.74
2016-10-01,0.61
2016-10-04,0.64
2016-10-05,0.51
2016-10-06,0.58
2016-10-07,0.71
2016-10-08,0.68
2016-10-11,0.61
2016-10-12,0.75
2016-10-13,0.64
2016-10-14,0.71
2016-10-15,0.68
2016-10-18,0.62
2016-10-19,0.69
2016-10-20,0.59
2016-10-21,0.53
2016-10-22,0.56
2016-10-25,0.59
2016-10-26,0.69
2016-10-27,0.73
2016-10-28,0.55
2016-10-29,0.78
2016-11-01,0.75
2016-11-02,0.86
2016-11-03,0.99
2016-11-04,0.74
2016-11-05,0.7
2016-11-08,0.68
2016-11-09,0.69
2016-11-10,0.61
2016-11-11,0.6
2016-11-12,0.53
2016-11-15,0.57
2016-11-16,0.51
2016-11-17,0.63
2016-11-18,0.65
2016-11-19,0.68
2016-11-22,0.57
2016-11-23,0.63
2016-11-24,0.6
2016-11-26,0.61
2016-11-29,0.57
2016-11-30,0.62
2016-12-01,0.54
2016-12-02,0.66
2016-12-03,0.67
2016-12-06,0.63
2016-12-07,0.58
2016-12-08,0.46
2016-12-09,0.5
2016-12-10,0.53
2016-12-13,0.57
2016-12-14,0.54
2016-12-15,0.58
2016-12-16,0.59
2016-12-17,0.62
2016-12-20,0.71
2016-12-21,0.63
2016-12-22,0.77
2016-12-23,0.67
2016-12-24,0.66
2016-12-28,0.62
2016-12-29,0.61
2016-12-30,0.62
2016-12-31,0.76
2017-01-04,0.69
2017-01-05,0.64
2017-01-06,0.69
2017-01-07,0.68
2017-01-10,0.62
2017-01-11,0.64
2017-01-12,0.63
2017-01-13,0.68
2017-01-14,0.63
2017-01-18,0.65
2017-01-19,0.67
2017-01-20,0.56
2017-01-21,0.7
2017-01-24,0.72
2017-01-25,0.65
2017-01-26,0.61
2017-01-27,0.65
2017-01-28,0.73
2017-01-31,0.82
2017-02-01,0.7
2017-02-02,0.71
2017-02-03,0.64
2017-02-04,0.68
2017-02-07,0.75
2017-02-08,0.7
2017-02-09,0.69
2017-02-10,0.58
2017-02-11,0.7
2017-02-14,0.61
2017-02-15,0.53
2017-02-16,0.58
2017-02-17,0.54
2017-02-18,0.59
2017-02-22,0.61
2017-02-23,0.6
2017-02-24,0.62
2017-02-25,0.72
2017-02-28,0.63
2017-03-01,0.7
2017-03-02,0.53
2017-03-03,0.56
2017-03-04,0.7
2017-03-07,0.67
2017-03-08,0.54
2017-03-09,0.62
2017-03-10,0.72
2017-03-11,0.57
2017-03-14,0.7
2017-03-15,0.73
2017-03-16,0.61
2017-03-17,0.57
2017-03-18,0.61
2017-03-21,0.64
2017-03-22,0.79
2017-03-23,0.73
2017-03-24,0.67
2017-03-25,0.69
2017-03-28,0.58
2017-03-29,0.6
2017-03-30,0.54
2017-03-31,0.58
2017-04-01,0.56
2017-04-04,0.67
2017-04-05,0.62
2017-04-06,0.61
2017-04-07,0.66
2017-04-08,0.67
2017-04-11,0.62
2017-04-12,0.79
2017-04-13,0.69
2017-04-14,0.96
2017-04-18,0.63
2017-04-19,0.62
2017-04-20,0.7
2017-04-21,0.68
2017-04-22,0.67
2017-04-25,0.61
2017-04-26,0.61
2017-04-27,0.63
2017-04-28,0.72
2017-04-29,0.68
2017-05-02,0.62
2017-05-03,0.61
2017-05-04,0.69
2017-05-05,0.77
2017-05-06,0.64
2017-05-09,0.6
2017-05-10,0.63
2017-05-11,0.62
2017-05-12,0.65
2017-05-13,0.57
2017-05-16,0.55
2017-05-17,0.54
2017-05-18,0.73
2017-05-19,0.7
2017-05-20,0.62
2017-05-23,0.54
2017-05-24,0.6
2017-05-25,0.62
2017-05-26,0.59
2017-05-27,0.64
2017-05-31,0.68
2017-06-01,0.63
2017-06-02,0.66
2017-06-03,0.6
2017-06-06,0.51
2017-06-07,0.59
2017-06-08,0.58
2017-06-09,0.55
2017-06-10,0.72
2017-06-13,0.68
2017-06-14,0.64
2017-06-15,0.67
2017-06-16,0.8
2017-06-17,0.67
2017-06-20,0.58
2017-06-21,0.72
2017-06-22,0.59
2017-06-23,0.5
2017-06-24,0.58
2017-06-27,0.64
2017-06-28,0.6
2017-06-29,0.68
2017-06-30,0.69
2017-07-01,0.67
2017-07-04,0.55
2017-07-06,0.61
2017-07-07,0.65
2017-07-08,0.66
2017-07-11,0.64
2017-07-12,0.69
2017-07-13,0.6
2017-07-14,0.62
2017-07-15,0.53
2017-07-18,0.63
2017-07-19,0.62
2017-07-20,0.56
2017-07-21,0.53
2017-07-22,0.56
2017-07-25,0.68
2017-07-26,0.61
2017-07-27,0.65
2017-07-28,0.71
2017-07-29,0.63
2017-08-01,0.62
2017-08-02,0.64
2017-08-03,0.75
2017-08-04,0.71
2017-08-05,0.66
2017-08-08,0.77
2017-08-09,0.67
2017-08-10,0.83
2017-08-11,0.88
2017-08-12,0.94
2017-08-15,0.59
2017-08-16,0.68
2017-08-17,0.62
2017-08-18,0.78
2017-08-19,0.82
2017-08-22,0.57
2017-08-23,0.55
2017-08-24,0.58
2017-08-25,0.69
2017-08-26,0.69
2017-08-29,0.55
2017-08-30,0.61
2017-08-31,0.57
2017-09-01,0.57
2017-09-02,0.56
2017-09-06,0.67
2017-09-07,0.56
2017-09-08,0.55
2017-09-09,0.73
2017-09-12,0.65
2017-09-13,0.58
2017-09-14,0.55
2017-09-15,0.56
2017-09-16,0.63
2017-09-19,0.61
2017-09-20,0.67
2017-09-21,0.61
2017-09-22,0.66
2017-09-23,0.77
2017-09-26,0.64
2017-09-27,0.69
2017-09-28,0.61
2017-09-29,0.52
2017-09-30,0.59
2017-10-03,0.61
2017-10-04,0.66
2017-10-05,0.58
2017-10-06,0.69
2017-10-07,0.7
2017-10-10,0.73
2017-10-11,0.54
2017-10-12,0.62
2017-10-13,0.7
2017-10-14,0.65
2017-10-17,0.7
2017-10-18,0.66
2017-10-19,0.72
2017-10-20,0.7
2017-10-21,0.6
2017-10-24,0.65
2017-10-25,0.63
2017-10-26,0.71
2017-10-27,0.61
2017-10-28,0.55
2017-10-31,0.69
2017-11-01,0.57
2017-11-02,0.71
2017-11-03,0.63
2017-11-04,0.6
2017-11-07,0.61
2017-11-08,0.64
2017-11-09,0.68
2017-11-10,0.64
2017-11-11,0.66
2017-11-14,0.69
2017-11-15,0.62
2017-11-16,0.74
2017-11-17,0.64
2017-11-18,0.56
2017-11-21,0.59
2017-11-22,0.58
2017-11-23,0.57
2017-11-25,0.62
2017-11-28,0.61
2017-11-29,0.5
2017-11-30,0.52
2017-12-01,0.55
2017-12-02,0.63
2017-12-05,0.56
2017-12-06,0.57
2017-12-07,0.67
2017-12-08,0.58
2017-12-09,0.6
2017-12-12,0.63
2017-12-13,0.51
2017-12-14,0.57
2017-12-15,0.6
2017-12-16,0.57
2017-12-19,0.5
2017-12-20,0.53
2017-12-21,0.56
2017-12-22,0.56
2017-12-23,0.64
2017-12-27,0.58
2017-12-28,0.55
2017-12-29,0.57
2017-12-30,0.59
2018-01-03,0.47
2018-01-04,0.54
2018-01-05,0.5
2018-01-06,0.58
2018-01-09,0.63
2018-01-10,0.6
2018-01-11,0.65
2018-01-12,0.5
2018-01-13,0.5
2018-01-17,0.49
2018-01-18,0.48
2018-01-19,0.56
2018-01-20,0.56
2018-01-23,0.56
2018-01-24,0.52
2018-01-25,0.53
2018-01-26,0.56
2018-01-27,0.49
2018-01-30,0.57
2018-01-31,0.61
2018-02-01,0.59
2018-02-02,0.59
2018-02-03,0.77
2018-02-06,0.73
2018-02-07,0.75
2018-02-08,0.68
2018-02-09,0.75
2018-02-10,0.88
2018-02-13,0.67
2018-02-14,0.73
2018-02-15,0.59
2018-02-16,0.61
2018-02-17,0.52
2018-02-21,0.66
2018-02-22,0.58
2018-02-23,0.63
2018-02-24,0.62
2018-02-27,0.59
2018-02-28,0.63
2018-03-01,0.67
2018-03-02,0.72
2018-03-03,0.71
2018-03-06,0.55
2018-03-07,0.52
2018-03-08,0.58
2018-03-09,0.61
2018-03-10,0.53
2018-03-13,0.57
2018-03-14,0.57
2018-03-15,0.69
2018-03-16,0.63
2018-03-17,0.63
2018-03-20,0.67
2018-03-21,0.68
2018-03-22,0.62
2018-03-23,0.74
2018-03-24,0.76
2018-03-27,0.63
2018-03-28,0.71
2018-03-29,0.68
2018-03-30,0.63
2018-04-03,0.77
2018-04-04,0.65
2018-04-05,0.63
2018-04-06,0.61
2018-04-07,0.76
2018-04-10,0.61
2018-04-11,0.57
2018-04-12,0.65
2018-04-13,0.66
2018-04-14,0.66
2018-04-17,0.64
2018-04-18,0.68
2018-04-19,0.56
2018-04-20,0.64
2018-04-21,0.65
2018-04-24,0.61
2018-04-25,0.68
2018-04-26,0.7
2018-04-27,0.61
2018-04-28,0.64
2018-05-01,0.61
2018-05-02,0.68
2018-05-03,0.65
2018-05-04,0.76
2018-05-05,0.55
2018-05-08,0.54
2018-05-09,0.61
2018-05-10,0.58
2018-05-11,0.51
2018-05-12,0.6
2018-05-15,0.62
2018-05-16,0.62
2018-05-17,0.5
2018-05-18,0.57
2018-05-19,0.66
2018-05-22,0.54
2018-05-23,0.58
2018-05-24,0.65
2018-05-25,0.64
2018-05-26,0.61
2018-05-30,0.65
2018-05-31,0.56
2018-06-01,0.63
2018-06-02,0.56
2018-06-05,0.55
2018-06-06,0.48
2018-06-07,0.53
2018-06-08,0.56
2018-06-09,0.6
2018-06-12,0.54
2018-06-13,0.5
2018-06-14,0.54
2018-06-15,0.5
2018-06-16,0.61
2018-06-19,0.54
2018-06-20,0.59
2018-06-21,0.56
2018-06-22,0.56
2018-06-23,0.56
2018-06-26,0.61
2018-06-27,0.52
2018-06-28,0.67
2018-06-29,0.65
2018-06-30,0.69
2018-07-03,0.58
2018-07-04,0.67
2018-07-06,0.6
2018-07-07,0.57
2018-07-10,0.53
2018-07-11,0.74
2018-07-12,0.59
2018-07-13,0.56
2018-07-14,0.62
2018-07-17,0.7
2018-07-18,0.65
2018-07-19,0.56
2018-07-20,0.62
2018-07-21,0.66
2018-07-24,0.55
2018-07-25,0.63
2018-07-26,0.61
2018-07-27,0.63
2018-07-28,0.67
2018-07-31,0.72
2018-08-01,0.69
2018-08-02,0.67
2018-08-03,0.58
2018-08-04,0.56
2018-08-07,0.62
2018-08-08,0.64
2018-08-09,0.62
2018-08-10,0.62
2018-08-11,0.7
2018-08-14,0.64
2018-08-15,0.66
2018-08-16,0.66
2018-08-17,0.6
2018-08-18,0.7
2018-08-21,0.55
2018-08-22,0.58
2018-08-23,0.6
2018-08-24,0.61
2018-08-25,0.57
2018-08-28,0.53
2018-08-29,0.53
2018-08-30,0.55
2018-08-31,0.58
2018-09-01,0.63
2018-09-05,0.59
2018-09-06,0.62
2018-09-07,0.74
2018-09-08,0.69
2018-09-11,0.62
2018-09-12,0.61
2018-09-13,0.55
2018-09-14,0.5
2018-09-15,0.58
2018-09-18,0.64
2018-09-19,0.55
2018-09-20,0.57
2018-09-21,0.56
2018-09-22,0.57
2018-09-25,0.63
2018-09-26,0.52
2018-09-27,0.59
2018-09-28,0.61
2018-09-29,0.64
2018-10-02,0.57
2018-10-03,0.54
2018-10-04,0.56
2018-10-05,0.72
2018-10-06,0.84
2018-10-09,0.66
2018-10-10,0.62
2018-10-11,0.74
2018-10-12,0.68
2018-10-13,0.67
2018-10-16,0.61
2018-10-17,0.63
2018-10-18,0.68
2018-10-19,0.73
2018-10-20,0.82
2018-10-23,0.57
2018-10-24,0.61
2018-10-25,0.71
2018-10-26,0.66
2018-10-27,0.8
2018-10-30,0.74
2018-10-31,0.69
2018-11-01,0.65
2018-11-02,0.51
2018-11-03,0.68
2018-11-06,0.61
2018-11-07,0.67
2018-11-08,0.59
2018-11-09,0.64
2018-11-10,0.8
2018-11-13,0.73
2018-11-14,0.7
2018-11-15,0.81
2018-11-16,0.73
2018-11-17,0.74
2018-11-20,0.72
2018-11-21,0.82
2018-11-22,0.73
2018-11-24,0.85
2018-11-27,0.64
2018-11-28,0.7
2018-11-29,0.62
2018-11-30,0.57
2018-12-01,0.53
2018-12-04,0.57
2018-12-05,0.69
2018-12-07,0.85
2018-12-08,0.77
2018-12-11,0.7
2018-12-12,0.65
2018-12-13,0.62
2018-12-14,0.75
2018-12-15,0.79
2018-12-18,0.97
2018-12-19,0.69
2018-12-20,0.85
2018-12-21,0.91
2018-12-22,1.13
2018-12-25,0.79
2018-12-27,0.62
2018-12-28,0.73
2018-12-29,0.44
2019-01-01,0.6
2019-01-03,0.67
2019-01-04,0.73
2019-01-05,0.59
2019-01-08,0.6
2019-01-09,0.63
2019-01-10,0.59
2019-01-11,0.65
2019-01-12,0.77
2019-01-15,0.65
2019-01-16,0.7
2019-01-17,0.6
2019-01-18,0.52
2019-01-19,0.54
2019-01-23,0.64
2019-01-24,0.64
2019-01-25,0.72
2019-01-26,0.51
2019-01-29,0.76
2019-01-30,0.68
2019-01-31,0.63
2019-02-01,0.53
2019-02-02,0.6
2019-02-05,0.6
2019-02-06,0.56
2019-02-07,0.64
2019-02-08,0.7
2019-02-09,0.61
2019-02-12,0.6
2019-02-13,0.57
2019-02-14,0.57
2019-02-15,0.6
2019-02-16,0.52
2019-02-20,0.61
2019-02-21,0.54
2019-02-22,0.66
2019-02-23,0.63
2019-02-26,0.55
2019-02-27,0.6
2019-02-28,0.54
2019-03-01,0.63
2019-03-02,0.6
2019-03-05,0.67
2019-03-06,0.67
2019-03-07,0.7
2019-03-08,0.76
2019-03-09,0.75
2019-03-12,0.57
2019-03-13,0.66
2019-03-14,0.52
2019-03-15,0.65
2019-03-16,0.57
2019-03-19,0.52
2019-03-20,0.58
2019-03-21,0.58
2019-03-22,0.51
2019-03-23,0.68
2019-03-26,0.62
2019-03-27,0.65
2019-03-28,0.69
2019-03-29,0.71
2019-03-30,0.65
2019-04-02,0.61
2019-04-03,0.57
2019-04-04,0.52
2019-04-05,0.59
2019-04-06,0.59
2019-04-09,0.68
2019-04-10,0.58
2019-04-11,0.62
2019-04-12,0.67
2019-04-13,0.54
2019-04-16,0.57
2019-04-17,0.58
2019-04-18,0.55
2019-04-19,0.62
2019-04-23,0.6
2019-04-24,0.59
2019-04-25,0.6
2019-04-26,0.57
2019-04-27,0.63
2019-04-30,0.61
2019-05-01,0.65
2019-05-02,0.63
2019-05-03,0.64
2019-05-04,0.52
2019-05-07,0.63
2019-05-08,0.68
2019-05-09,0.66
2019-05-10,0.7
2019-05-11,0.8
2019-05-14,0.79
2019-05-15,0.7
2019-05-16,0.77
2019-05-17,0.66
2019-05-18,0.81
2019-05-21,0.65
2019-05-22,0.57
2019-05-23,0.72
2019-05-24,0.8
2019-05-25,0.76
2019-05-29,0.68
2019-05-30,0.63
2019-05-31,0.64
2019-06-01,0.83
2019-06-04,0.67
2019-06-05,0.67
2019-06-06,0.64
2019-06-07,0.66
2019-06-08,0.51
2019-06-11,0.57
2019-06-12,0.65
2019-06-13,0.77
2019-06-14,0.63
2019-06-15,0.63
2019-06-18,0.72
2019-06-19,0.55
2019-06-20,0.61
2019-06-21,0.52
2019-06-22,0.53
2019-06-25,0.59
2019-06-26,0.63
2019-06-27,0.67
2019-06-28,0.58
2019-06-29,0.55
2019-07-02,0.65
2019-07-03,0.66
2019-07-04,0.64
2019-07-06,0.61
2019-07-09,0.63
2019-07-10,0.58
2019-07-11,0.51
2019-07-12,0.61
2019-07-13,0.55
2019-07-16,0.59
2019-07-17,0.62
2019-07-18,0.67
2019-07-19,0.6
2019-07-20,0.6
2019-07-23,0.71
2019-07-24,0.61
2019-07-25,0.66
2019-07-26,0.68
2019-07-27,0.6
2019-07-30,0.71
2019-07-31,0.73
2019-08-01,0.62
2019-08-02,0.75
2019-08-03,0.87
2019-08-06,0.84
2019-08-07,0.78
2019-08-08,0.78
2019-08-09,0.62
2019-08-10,0.68
2019-08-13,0.78
2019-08-14,0.66
2019-08-15,0.84
2019-08-16,0.98
2019-08-17,0.67
2019-08-20,0.55
2019-08-21,0.69
2019-08-22,0.6
2019-08-23,0.74
2019-08-24,0.88
2019-08-27,0.58
2019-08-28,0.64
2019-08-29,0.64
2019-08-30,0.66
2019-08-31,0.68
2019-09-04,0.73
2019-09-05,0.68
2019-09-06,0.53
2019-09-07,0.56
2019-09-10,0.59
2019-09-11,0.65
2019-09-12,0.54
2019-09-13,0.55
2019-09-14,0.62
2019-09-17,0.68
2019-09-18,0.56
2019-09-19,0.7
2019-09-20,0.67
2019-09-21,0.65
2019-09-24,0.65
2019-09-25,0.7
2019-09-26,0.67
2019-09-27,0.74
2019-09-28,0.72
2019-10-01,0.67
2019-10-02,0.73
2019-10-03,0.84
2019-10-04,0.77
2019-10-05,0.65
2019-10-08,0.7
2019-10-09,0.65
2019-10-10,0.59
2019-10-11,0.58
2019-10-12,0.56
2019-10-15,0.61
2019-10-16,0.55
2019-10-17,0.63
2019-10-18,0.6
2019-10-19,0.69
2019-10-22,0.61
2019-10-23,0.61
2019-10-24,0.69
2019-10-25,0.68
2019-10-26,0.56
2019-10-29,0.51
2019-10-30,0.55
2019-10-31,0.6
2019-11-01,0.71
2019-11-02,0.53
2019-11-05,0.54
2019-11-06,0.58
2019-11-07,0.63
2019-11-08,0.54
2019-11-09,0.59
2019-11-12,0.61
2019-11-13,0.59
2019-11-14,0.58
2019-11-15,0.47
2019-11-16,0.49
2019-11-19,0.55
2019-11-20,0.58
2019-11-21,0.64
2019-11-22,0.59
2019-11-23,0.58
2019-11-26,0.63
2019-11-27,0.57
2019-11-28,0.58
2019-11-29,0.49
2019-11-30,0.59
2019-12-03,0.66
2019-12-04,0.7
2019-12-05,0.54
2019-12-06,0.65
2019-12-07,0.53
2019-12-10,0.64
2019-12-11,0.76
2019-12-12,0.52
2019-12-13,0.45
2019-12-14,0.55
2019-12-17,0.61
2019-12-18,0.53
2019-12-19,0.49
2019-12-20,0.54
2019-12-21,0.46
2019-12-24,0.54
2019-12-25,0.52
2019-12-26,0.49
2019-12-27,0.43
2019-12-28,0.6
2019-12-31,0.59
2020-01-01,0.56
2020-01-02,0.49
2020-01-03,0.54
2020-01-04,0.55
2020-01-07,0.54
2020-01-08,0.44
2020-01-09,0.47
2020-01-10,0.49
2020-01-11,0.52
2020-01-14,0.47
2020-01-15,0.47
2020-01-16,0.44
2020-01-17,0.47
2020-01-18,0.48
2020-01-21,0.49
2020-01-22,0.59
2020-01-23,0.52
2020-01-24,0.54
2020-01-25,0.7
2020-01-28,0.64
2020-01-29,0.55
2020-01-30,0.5
2020-01-31,0.61
2020-02-01,0.74
2020-02-04,0.5
2020-02-05,0.46
2020-02-06,0.51
2020-02-07,0.47
2020-02-08,0.56
2020-02-11,0.46
2020-02-12,0.45
2020-02-13,0.48
2020-02-14,0.55
2020-02-15,0.58
2020-02-18,0.49
2020-02-19,0.51
2020-02-20,0.45
2020-02-21,0.51
2020-02-22,0.73
2020-02-25,0.7
2020-02-26,0.8
2020-02-27,0.65
2020-02-28,0.86
2020-02-29,0.85
2020-03-03,0.76
2020-03-04,0.73
2020-03-05,0.64
2020-03-06,0.78
2020-03-07,0.89
2020-03-10,1.12
2020-03-11,0.75
2020-03-12,1.02
2020-03-13,1.28
2020-03-14,1.0
2020-03-17,1.1
2020-03-18,0.86
2020-03-19,0.98
2020-03-20,0.88
2020-03-21,0.83
2020-03-24,0.62
2020-03-25,0.63
2020-03-26,0.65
2020-03-27,0.58
2020-03-28,0.7
2020-03-31,0.68
2020-04-01,0.7
2020-04-02,0.86
2020-04-03,0.82
2020-04-04,0.83
2020-04-07,0.69
2020-04-08,0.65
2020-04-09,0.65
2020-04-10,0.65
2020-04-11,0.49
2020-04-14,0.65
2020-04-15,0.58
2020-04-16,0.7
2020-04-17,0.59
2020-04-18,0.6
2020-04-21,0.55
2020-04-22,0.69
2020-04-23,0.66
2020-04-24,0.59
2020-04-25,0.6
2020-04-28,0.58
2020-04-29,0.56
2020-04-30,0.53
2020-05-01,0.68
2020-05-02,0.82
2020-05-05,0.69
2020-05-06,0.59
2020-05-07,0.59
2020-05-08,0.59
2020-05-09,0.53
2020-05-12,0.5
2020-05-13,0.6
2020-05-14,0.72
2020-05-15,0.64
2020-05-16,0.57
2020-05-19,0.47
2020-05-20,0.46
2020-05-21,0.49
2020-05-22,0.55
2020-05-23,0.57
2020-05-26,0.49
2020-05-27,0.5
2020-05-28,0.51
2020-05-29,0.54
2020-05-30,0.58
2020-06-02,0.46
2020-06-03,0.47
2020-06-04,0.4
2020-06-05,0.43
2020-06-06,0.41
2020-06-09,0.37
2020-06-10,0.4
2020-06-11,0.45
2020-06-12,0.7
2020-06-13,0.71
2020-06-16,0.51
2020-06-17,0.45
2020-06-18,0.51
2020-06-19,0.5
2020-06-20,0.57
2020-06-23,0.47
2020-06-24,0.45
2020-06-25,0.63
2020-06-26,0.54
2020-06-27,0.74
2020-06-30,0.55
2020-07-01,0.52
2020-07-02,0.46
2020-07-03,0.51
2020-07-04,0.49
2020-07-07,0.42
2020-07-08,0.45
2020-07-09,0.4
2020-07-10,0.44
2020-07-11,0.46
2020-07-14,0.41
2020-07-15,0.43
2020-07-16,0.38
2020-07-17,0.47
2020-07-18,0.46
2020-07-21,0.45
2020-07-22,0.39
2020-07-23,0.49
2020-07-24,0.53
2020-07-25,0.6
2020-07-28,0.44
2020-07-29,0.5
2020-07-30,0.51
2020-07-31,0.55
2020-08-01,0.54
2020-08-04,0.44
2020-08-05,0.42
2020-08-06,0.41
2020-08-07,0.42
2020-08-08,0.51
2020-08-11,0.41
2020-08-12,0.45
2020-08-13,0.47
2020-08-14,0.46
2020-08-15,0.54
2020-08-18,0.49
2020-08-19,0.46
2020-08-20,0.43
2020-08-21,0.46
2020-08-22,0.45
2020-08-25,0.42
2020-08-26,0.42
2020-08-27,0.39
2020-08-28,0.38
2020-08-29,0.42
2020-09-01,0.45
2020-09-02,0.4
2020-09-03,0.4
2020-09-04,0.58
2020-09-05,0.67
2020-09-08,0.49
2020-09-09,0.57
2020-09-10,0.62
2020-09-11,0.54
2020-09-12,0.67
2020-09-15,0.49
2020-09-16,0.46
2020-09-17,0.51
2020-09-18,0.58
2020-09-19,0.63
2020-09-22,0.49
2020-09-23,0.55
2020-09-24,0.51
2020-09-25,0.63
2020-09-26,0.56
2020-09-29,0.45
2020-09-30,0.49
2020-10-01,0.45
2020-10-02,0.5
2020-10-03,0.54
2020-10-06,0.49
2020-10-07,0.46
2020-10-08,0.42
2020-10-09,0.39
2020-10-10,0.44
2020-10-13,0.41
2020-10-14,0.39
2020-10-15,0.47
2020-10-16,0.46
2020-10-17,0.45
2020-10-20,0.43
2020-10-21,0.52
2020-10-22,0.5
2020-10-23,0.48
2020-10-24,0.53
2020-10-27,0.59
2020-10-28,0.48
2020-10-29,0.65
2020-10-30,0.52
2020-10-31,0.77
2020-11-03,0.62
2020-11-04,0.45
2020-11-05,0.45
2020-11-06,0.44
2020-11-07,0.41
2020-11-10,0.37
2020-11-11,0.52
2020-11-12,0.46
2020-11-13,0.52
2020-11-14,0.5
2020-11-17,0.43
2020-11-18,0.49
2020-11-19,0.42
2020-11-20,0.46
2020-11-21,0.4
2020-11-24,0.42
2020-11-25,0.38
2020-11-26,0.4
2020-11-27,0.4
2020-11-28,0.41
2020-12-01,0.43
2020-12-02,0.37
2020-12-03,0.4
2020-12-04,0.35
2020-12-05,0.39
2020-12-08,0.37
2020-12-09,0.38
2020-12-10,0.42
2020-12-11,0.4
2020-12-12,0.5
2020-12-15,0.42
2020-12-16,0.43
2020-12-17,0.42
2020-12-18,0.37
2020-12-19,0.46
2020-12-22,0.47
2020-12-23,0.37
2020-12-24,0.41
2020-12-25,0.54
2020-12-26,0.54
2020-12-29,0.44
2020-12-30,0.45
2020-12-31,0.47
2021-01-01,0.56
2021-01-02,0.56
2021-01-05,0.47
2021-01-06,0.45
2021-01-07,0.39
2021-01-08,0.38
2021-01-09,0.44
2021-01-12,0.41
2021-01-13,0.34
2021-01-14,0.34
2021-01-15,0.36
2021-01-16,0.45
2021-01-19,0.45
2021-01-20,0.37
2021-01-21,0.4
2021-01-22,0.4
2021-01-23,0.4
2021-01-26,0.38
2021-01-27,0.4
2021-01-28,0.4
2021-01-29,0.4
2021-01-30,0.58
2021-02-02,0.42
2021-02-03,0.4
2021-02-04,0.43
2021-02-05,0.41
2021-02-06,0.41
2021-02-09,0.39
2021-02-10,0.36
2021-02-11,0.37
2021-02-12,0.38
2021-02-13,0.38
2021-02-16,0.45
2021-02-17,0.42
2021-02-18,0.39
2021-02-19,0.51
2021-02-20,0.43
2021-02-23,0.43
2021-02-24,0.44
2021-02-25,0.35
2021-02-26,0.47
2021-02-27,0.63
2021-03-02,0.38
2021-03-03,0.44
2021-03-04,0.48
2021-03-05,0.54
2021-03-06,0.6
2021-03-09,0.46
2021-03-10,0.42
2021-03-11,0.42
2021-03-12,0.44
2021-03-13,0.44
2021-03-16,0.38
2021-03-17,0.43
2021-03-18,0.44
2021-03-19,0.47
2021-03-20,0.47
2021-03-23,0.39
2021-03-24,0.44
2021-03-25,0.57
2021-03-26,0.58
2021-03-27,0.58
2021-03-30,0.51
2021-03-31,0.48
2021-04-01,0.42
2021-04-02,0.42
2021-04-03,0.47
2021-04-06,0.38
2021-04-07,0.41
2021-04-08,0.47
2021-04-09,0.45
2021-04-10,0.5
2021-04-13,0.48
2021-04-14,0.44
2021-04-15,0.43
2021-04-16,0.48
2021-04-17,0.44
2021-04-20,0.45
2021-04-21,0.48
2021-04-22,0.43
2021-04-23,0.52
2021-04-24,0.55
2021-04-27,0.43
2021-04-28,0.5
2021-04-29,0.43
2021-04-30,0.47
2021-05-01,0.59
2021-05-04,0.51
2021-05-05,0.56
2021-05-06,0.46
2021-05-07,0.57
2021-05-08,0.51
2021-05-11,0.59
2021-05-12,0.57
2021-05-13,0.63
2021-05-14,0.63
2021-05-15,0.54
2021-05-18,0.55
2021-05-19,0.48
2021-05-20,0.58
2021-05-21,0.48
2021-05-22,0.53
2021-05-25,0.41
2021-05-26,0.49
2021-05-27,0.44
2021-05-28,0.41
2021-05-29,0.45
2021-06-01,0.45
2021-06-02,0.45
2021-06-03,0.37
2021-06-04,0.41
2021-06-05,0.44
2021-06-08,0.43
2021-06-09,0.35
2021-06-10,0.36
2021-06-11,0.43
2021-06-12,0.48
2021-06-15,0.36
2021-06-16,0.45
2021-06-17,0.55
2021-06-18,0.49
2021-06-19,0.56
2021-06-22,0.42
2021-06-23,0.47
2021-06-24,0.39
2021-06-25,0.4
2021-06-26,0.48
2021-06-29,0.42
2021-06-30,0.43
2021-07-01,0.4
2021-07-02,0.44
2021-07-03,0.51
2021-07-06,0.51
2021-07-07,0.51
2021-07-08,0.52
2021-07-09,0.59
2021-07-10,0.53
2021-07-13,0.49
2021-07-14,0.48
2021-07-15,0.49
2021-07-16,0.59
2021-07-17,0.69
2021-07-20,0.53
2021-07-21,0.44
2021-07-22,0.46
2021-07-23,0.57
2021-07-24,0.61
2021-07-27,0.0
2021-07-28,0.59
2021-07-29,0.52
2021-07-30,0.48
2021-07-31,0.56
2021-08-03,0.51
2021-08-04,0.47
2021-08-05,0.52
2021-08-06,0.52
2021-08-07,0.55
2021-08-10,0.49
2021-08-11,0.43
2021-08-12,0.52
2021-08-13,0.53
2021-08-14,0.57
2021-08-17,0.54
2021-08-18,0.58
2021-08-19,0.52
2021-08-20,0.61
2021-08-21,0.57
2021-08-24,0.41
2021-08-25,0.39
2021-08-26,0.42
2021-08-27,0.55
2021-08-28,0.49
2021-08-31,0.42
2021-09-01,0.46
2021-09-02,0.45
2021-09-03,0.42
2021-09-04,0.5
2021-09-07,0.5
2021-09-08,0.43
2021-09-09,0.43
2021-09-10,0.42
2021-09-11,0.47
2021-09-14,0.53
2021-09-15,0.55
2021-09-16,0.49
2021-09-17,0.49
2021-09-18,0.49
2021-09-21,0.56
2021-09-22,0.54
2021-09-23,0.44
2021-09-24,0.48
2021-09-25,0.43
2021-09-28,0.57
2021-09-29,0.57
2021-09-30,0.43
2021-10-01,0.55
2021-10-02,0.51
2021-10-05,0.56
2021-10-06,0.56
2021-10-07,0.59
2021-10-08,0.45
2021-10-09,0.48
2021-10-12,0.5
2021-10-13,0.41
2021-10-14,0.48
2021-10-15,0.45
2021-10-16,0.48
2021-10-19,0.42
2021-10-20,0.4
2021-10-21,0.42
2021-10-22,0.44
2021-10-23,0.53
2021-10-26,0.53
2021-10-27,0.41
2021-10-28,0.43
2021-10-29,0.51
2021-10-30,0.36
2021-11-02,0.46
2021-11-03,0.46
2021-11-04,0.37
2021-11-05,0.39
2021-11-06,0.39
2021-11-09,0.44
2021-11-10,0.44
2021-11-11,0.36
2021-11-12,0.44
2021-11-13,0.44
2021-11-16,0.47
2021-11-17,0.47
2021-11-18,0.44
2021-11-19,0.44
2021-11-20,0.42
2021-11-23,0.4
2021-11-24,0.53
2021-11-25,0.5
2021-11-26,0.55
2021-11-27,0.56
2021-11-30,0.42
2021-12-01,0.48
2021-12-02,0.52
2021-12-03,0.62
2021-12-04,0.74
2021-12-07,0.54
2021-12-08,0.43
2021-12-09,0.45
2021-12-10,0.53
2021-12-11,0.61
2021-12-14,0.56
2021-12-15,0.6
2021-12-16,0.59
2021-12-17,0.55
2021-12-18,0.59
2021-12-21,0.47
2021-12-22,0.49
2021-12-23,0.47
2021-12-24,0.49
2021-12-25,0.55
2021-12-28,0.45
2021-12-29,0.46
2021-12-30,0.55
2021-12-31,0.49
2022-01-01,0.55
2022-01-04,0.55
2022-01-05,0.55
2022-01-06,0.43
2022-01-07,0.47
2022-01-08,0.57
2022-01-11,0.59
2022-01-12,0.59
2022-01-13,0.56
2022-01-14,0.44
2022-01-15,0.49
2022-01-18,0.64
2022-01-19,0.64
2022-01-20,0.64
2022-01-21,0.52
2022-01-22,0.55
2022-01-25,0.82
2022-01-26,0.67
2022-01-27,0.67
2022-01-28,0.61
2022-01-29,0.56
2022-02-01,0.72
2022-02-02,0.72
2022-02-03,0.53
2022-02-04,0.53
2022-02-05,0.52
2022-02-08,0.61
2022-02-09,0.61
2022-02-10,0.53
2022-02-11,0.58
2022-02-12,0.44
2022-02-15,0.64
2022-02-16,0.64
2022-02-17,0.66
2022-02-18,0.5
2022-02-19,0.59
2022-02-22,0.73
2022-02-23,0.73
2022-02-24,0.55
2022-02-25,0.67
2022-02-26,0.67
2022-03-01,0.57
2022-03-02,0.57
2022-03-03,0.49
2022-03-04,0.5
2022-03-05,0.55
2022-03-08,0.67
2022-03-09,0.67
2022-03-10,0.57
2022-03-11,0.52
2022-03-12,0.54
2022-03-15,0.66
2022-03-16,0.66
2022-03-17,0.63
2022-03-18,0.7
2022-03-19,0.56
2022-03-22,0.45
2022-03-23,0.45
2022-03-24,0.46
2022-03-25,0.49
2022-03-26,0.48
2022-03-29,0.5
2022-03-30,0.5
2022-03-31,0.45
2022-04-01,0.41
2022-04-02,0.42
2022-04-05,0.59
2022-04-06,0.59
2022-04-07,0.48
2022-04-08,0.58
2022-04-09,0.6
2022-04-12,0.57
2022-04-13,0.57
2022-04-14,0.55
2022-04-15,0.52
2022-04-16,0.51
2022-04-19,0.5
2022-04-20,0.5
2022-04-21,0.45
2022-04-22,0.51
2022-04-23,0.61
2022-04-26,0.87
2022-04-27,0.87
2022-04-28,0.63
2022-04-29,0.72
2022-04-30,0.68
2022-05-03,0.65
2022-05-04,0.54
2022-05-05,0.58
2022-05-06,0.63
2022-05-07,0.72
2022-05-10,0.78
2022-05-11,0.68
2022-05-12,0.82
2022-05-13,0.81
2022-05-14,0.66
2022-05-17,0.64
2022-05-18,0.69
2022-05-19,0.83
2022-05-20,0.8
2022-05-21,0.8
2022-05-24,0.59
2022-05-25,0.77
2022-05-26,0.63
2022-05-27,0.63
2022-05-28,0.49
2022-05-31,0.7
2022-06-01,0.64
2022-06-02,0.67
2022-06-03,0.62
2022-06-04,0.77
2022-06-07,0.6
2022-06-08,0.59
2022-06-09,0.57
2022-06-10,0.69
2022-06-11,0.89
2022-06-14,0.84
2022-06-15,0.83
2022-06-16,0.7
2022-06-17,0.86
2022-06-18,0.72
2022-06-21,0.7
2022-06-22,0.48
2022-06-23,0.63
2022-06-24,0.67
2022-06-25,0.51
2022-06-28,0.62
2022-06-29,0.66
2022-06-30,0.78
2022-07-01,0.74
2022-07-02,0.69
2022-07-05,0.7
2022-07-06,0.62
2022-07-07,0.65
2022-07-08,0.57
2022-07-09,0.56
2022-07-12,0.64
2022-07-13,0.68
2022-07-14,0.73
2022-07-15,0.75
2022-07-16,0.59
2022-07-19,0.54
2022-07-20,0.59
2022-07-21,0.62
2022-07-22,0.63
2022-07-23,0.73
2022-07-26,0.7
2022-07-27,0.7
2022-07-28,0.76
2022-07-29,0.66
2022-07-30,0.67
2022-08-02,0.61
2022-08-03,0.67
2022-08-04,0.57
2022-08-05,0.56
2022-08-06,0.55
2022-08-09,0.58
2022-08-10,0.56
2022-08-11,0.7
2022-08-12,0.51
2022-08-13,0.51
2022-08-16,0.5
2022-08-17,0.57
2022-08-18,0.53
2022-08-19,0.61
2022-08-20,0.58
2022-08-23,0.65
2022-08-24,0.65
2022-08-25,0.63
2022-08-26,0.59
2022-08-27,0.76
2022-08-30,0.74
2022-08-31,0.8
2022-09-01,0.78
2022-09-02,0.84
2022-09-03,0.81
2022-09-07,0.72
2022-09-08,0.75
2022-09-09,0.65
2022-09-10,0.52
2022-09-13,0.57
2022-09-14,0.73
2022-09-15,0.75
2022-09-16,0.73
2022-09-17,0.81
2022-09-20,0.54
2022-09-21,0.67
2022-09-22,0.71
2022-09-23,0.83
2022-09-24,1.02
2022-09-27,0.8
2022-09-28,0.78
2022-09-29,0.75
2022-09-30,0.91
2022-10-01,0.77
2022-10-04,0.71
2022-10-05,0.64
2022-10-06,0.72
2022-10-07,0.71
2022-10-08,0.88
2022-10-11,0.65
2022-10-12,0.77
2022-10-13,0.74
2022-10-14,0.66
2022-10-15,0.63
2022-10-18,0.61
2022-10-19,0.66
2022-10-20,0.74
2022-10-21,0.7
2022-10-22,0.58
2022-10-25,0.55
2022-10-26,0.62
2022-10-27,0.65
2022-10-28,0.85
2022-10-29,0.66
2022-11-01,0.61
2022-11-02,0.63
2022-11-03,1.14
2022-11-04,0.69
2022-11-05,0.74
2022-11-08,0.67
2022-11-09,1.3
2022-11-10,0.96
2022-11-11,0.6
2022-11-12,0.55
2022-11-15,0.61
2022-11-16,0.58
2022-11-17,1.46
2022-11-18,0.73
2022-11-19,0.61
2022-11-22,0.64
2022-11-23,1.35
2022-11-24,0.88
2022-11-26,0.63
2022-11-29,0.76
2022-11-30,0.72
2022-12-01,1.27
2022-12-02,0.81
2022-12-03,0.58
2022-12-06,0.66
2022-12-07,0.73
2022-12-08,1.46
2022-12-09,0.68
2022-12-10,0.95
2022-12-13,0.64
2022-12-14,0.7
2022-12-15,1.33
2022-12-16,0.73
2022-12-17,1.19
2022-12-20,0.62
2022-12-21,0.78
2022-12-22,2.03
2022-12-23,1.35
2022-12-24,0.77
2022-12-28,0.82
2022-12-29,2.4
2022-12-30,1.33
2022-12-31,0.84
2023-01-04,0.63
2023-01-05,0.76
2023-01-06,0.86
2023-01-07,0.91
2023-01-10,0.58
2023-01-11,0.64
2023-01-12,0.7
2023-01-13,0.65
2023-01-14,0.69
2023-01-18,0.59
2023-01-19,1.31
2023-01-20,0.76
2023-01-21,0.54
2023-01-24,0.53
2023-01-25,0.68
2023-01-26,0.75
2023-01-27,0.68
2023-01-28,0.51
2023-01-31,0.56
2023-02-01,0.66
2023-02-02,0.59
2023-02-03,0.49
2023-02-04,0.57
2023-02-07,0.71
2023-02-08,0.6
2023-02-09,0.63
2023-02-10,0.63
2023-02-11,0.69
2023-02-14,0.6
2023-02-15,0.61
2023-02-16,0.58
2023-02-17,0.6
2023-02-18,0.67
2023-02-22,0.68
2023-02-23,0.8
2023-02-24,0.76
2023-02-25,0.82
2023-02-28,0.66
2023-03-01,0.69
2023-03-02,0.97
2023-03-03,0.81
2023-03-04,0.59
2023-03-07,0.67
2023-03-08,0.74
2023-03-09,0.73
2023-03-10,0.81
2023-03-11,1.11
2023-03-14,0.0
2023-03-15,0.75
2023-03-16,0.8
2023-03-17,0.66
2023-03-18,0.65
2023-03-21,0.5
2023-03-22,0.62
2023-03-23,0.63
2023-03-24,0.77
2023-03-25,0.73
2023-03-28,0.67
2023-03-29,0.74
2023-03-30,0.64
2023-03-31,0.66
2023-04-01,0.59
2023-04-04,0.61
2023-04-05,0.77
2023-04-06,0.66
2023-04-07,0.69
2023-04-11,0.63
2023-04-12,0.56
2023-04-13,0.7
2023-04-14,0.62
2023-04-15,0.65
2023-04-18,0.65
2023-04-19,0.64
2023-04-20,0.8
2023-04-21,0.74
2023-04-22,0.61
2023-04-25,0.57
2023-04-26,0.9
2023-04-27,0.87
2023-04-28,0.7
2023-04-29,0.76
2023-05-02,0.7
2023-05-03,0.78
2023-05-04,0.75
2023-05-05,0.82
2023-05-06,0.69
2023-05-09,0.73
2023-05-10,0.67
2023-05-11,0.68
2023-05-12,0.67
2023-05-13,0.7
2023-05-16,0.56
2023-05-17,0.68
2023-05-18,0.68
2023-05-19,0.65
2023-05-20,0.56
2023-05-23,0.54
2023-05-24,0.59
2023-05-25,0.77
2023-05-26,0.56
2023-05-27,0.53
2023-05-31,0.51
2023-06-01,0.81
2023-06-02,0.58
2023-06-03,0.52
2023-06-06,0.57
2023-06-07,0.55
2023-06-08,0.59
2023-06-09,0.58
2023-06-10,0.5
2023-06-13,0.52
2023-06-14,0.56
2023-06-15,0.74
2023-06-16,0.52
2023-06-17,0.46
2023-06-21,0.5
2023-06-22,0.53
2023-06-23,0.64
2023-06-24,0.64
2023-06-27,0.55
2023-06-28,0.52
2023-06-29,0.59
2023-06-30,0.58
2023-07-01,0.53
2023-07-04,0.52
2023-07-06,0.0
2023-07-07,0.0
2023-07-08,0.52
2023-07-11,0.51
2023-07-12,0.39
2023-07-13,0.52
2023-07-14,0.0
2023-07-15,0.48
2023-07-18,0.56
2023-07-19,0.5
2023-07-20,0.48
2023-07-21,0.61
2023-07-22,0.56
2023-07-25,0.5
2023-07-26,0.58
2023-07-27,0.55
2023-07-28,0.56
2023-07-29,0.71
2023-08-01,0.56
2023-08-02,0.58
2023-08-03,0.62
2023-08-04,0.62
2023-08-05,0.66
2023-08-08,0.65
2023-08-09,0.65
2023-08-10,0.68
2023-08-11,0.7
2023-08-12,0.8
2023-08-15,0.7
2023-08-16,0.75
2023-08-17,1.03
2023-08-18,0.97
2023-08-19,0.76
2023-08-22,0.55
2023-08-23,0.68
2023-08-24,0.89
2023-08-25,0.79
2023-08-26,0.97
2023-08-29,0.77
2023-08-30,0.69
2023-08-31,0.86
2023-09-01,0.67
2023-09-02,0.65
2023-09-06,0.74
2023-09-07,0.98
2023-09-08,0.81
2023-09-09,0.75
2023-09-12,0.7
2023-09-13,0.84
2023-09-14,1.14
2023-09-15,0.85
2023-09-16,0.7
2023-09-19,0.61
2023-09-20,0.76
2023-09-21,0.79
2023-09-22,0.88
2023-09-23,0.85
2023-09-26,0.71
2023-09-27,0.88
2023-09-28,0.94
2023-09-29,0.8
2023-09-30,0.73
2023-10-03,0.76
2023-10-04,0.8
2023-10-05,1.11
2023-10-06,0.86
2023-10-07,0.68
2023-10-10,0.66
2023-10-11,0.63
2023-10-12,1.04
2023-10-13,0.8
2023-10-14,0.7
2023-10-17,0.7
2023-10-18,0.8
2023-10-19,0.68
2023-10-20,0.78
2023-10-21,0.76
2023-10-24,0.52
2023-10-25,0.55
2023-10-26,0.9
2023-10-27,0.77
2023-10-28,0.82
2023-10-31,0.68
2023-11-01,0.82
2023-11-02,0.7
2023-11-03,0.77
2023-11-04,0.54
2023-11-07,0.77
2023-11-08,0.65
2023-11-09,1.18
2023-11-10,0.86
2023-11-11,1.03
2023-11-14,0.88
2023-11-15,0.74
2023-11-16,0.48
2023-11-17,0.64
2023-11-18,0.54
2023-11-21,0.53
2023-11-22,0.0
2023-11-23,0.78
2023-11-25,0.91
2023-11-28,0.87
2023-11-29,0.79
2023-11-30,0.55
2023-12-01,0.6
2023-12-02,0.51
2023-12-05,0.53
2023-12-06,0.57
2023-12-07,0.59
2023-12-08,0.59
2023-12-09,0.56
2023-12-12,0.53
2023-12-13,0.58
2023-12-14,1.16
2023-12-15,0.55
2023-12-16,0.53
2023-12-19,0.57
2023-12-20,0.61
2023-12-21,0.59
2023-12-22,0.58
2023-12-23,0.5
2023-12-27,0.56
2023-12-28,0.96
2023-12-29,0.66
2023-12-30,0.65
2024-01-03,0.65
2024-01-04,0.69
2024-01-05,0.69
2024-01-06,0.7
2024-01-09,0.59
2024-01-10,0.61
2024-01-11,1.55
2024-01-12,0.8
2024-01-13,0.83
2024-01-17,0.84
2024-01-18,0.69
2024-01-19,0.69
2024-01-20,0.59
2024-01-23,0.49
2024-01-24,0.57
2024-01-25,0.67
2024-01-26,0.67
2024-01-27,0.66
2024-01-30,0.57
2024-01-31,0.66
2024-02-01,0.64
2024-02-02,0.64
2024-02-03,0.62
2024-02-06,0.65
2024-02-07,0.73
2024-02-08,0.7
2024-02-09,0.62
2024-02-10,0.48
2024-02-13,0.55
2024-02-14,0.65
2024-02-15,0.57
2024-02-16,0.54
2024-02-17,0.53
2024-02-21,0.55
2024-02-22,0.72
2024-02-23,0.66
2024-02-24,0.66
2024-02-27,0.7
2024-02-28,0.61
2024-02-29,0.48
2024-03-01,0.64
2024-03-02,0.6
2024-03-05,0.64
2024-03-06,0.7
2024-03-07,0.83
2024-03-08,0.56
2024-03-09,0.56
2024-03-12,0.68
2024-03-13,0.68
2024-03-14,0.59
2024-03-15,0.63
2024-03-16,0.61
2024-03-19,0.5
2024-03-20,0.66
2024-03-21,0.72
2024-03-22,0.67
2024-03-23,0.65
2024-03-26,0.7
2024-03-27,0.64
2024-03-28,0.67
2024-03-29,0.56
2024-04-02,0.65
2024-04-03,0.66
2024-04-04,0.69
2024-04-05,0.68
2024-04-06,0.71
2024-04-09,0.64
2024-04-10,0.72
2024-04-11,0.63
2024-04-12,0.63
2024-04-13,0.68
2024-04-16,0.64
2024-04-17,0.73
2024-04-18,1.13
2024-04-19,0.68
2024-04-20,0.65
2024-04-23,0.57
2024-04-24,0.65
2024-04-25,0.71
2024-04-26,0.68
2024-04-27,0.55
2024-04-30,0.61
2024-05-01,0.6
2024-05-02,0.84
2024-05-03,0.73
2024-05-04,0.6
2024-05-07,0.63
2024-05-08,0.72
2024-05-09,0.69
2024-05-10,0.55
2024-05-11,0.6
2024-05-14,0.57
2024-05-15,0.53
2024-05-16,0.57
2024-05-17,0.59
2024-05-18,0.54
2024-05-21,0.53
2024-05-22,0.59
2024-05-23,0.57
2024-05-24,0.65
2024-05-25,0.67
2024-05-29,0.56
2024-05-30,0.68
2024-05-31,0.87
2024-06-01,0.73
2024-06-04,0.58
2024-06-05,0.61
2024-06-06,0.75
2024-06-07,0.59
2024-06-08,0.58
2024-06-11,0.58
2024-06-12,0.59
2024-06-13,0.53
2024-06-14,0.87
2024-06-15,0.58
2024-06-18,0.62
2024-06-19,0.58
2024-06-21,0.62
2024-06-22,0.63
2024-06-25,0.58
2024-06-26,0.59
2024-06-27,0.54
2024-06-28,0.76
2024-06-29,0.64
2024-07-02,0.56
2024-07-03,0.7
2024-07-04,0.51
2024-07-06,0.56
2024-07-09,0.51
2024-07-10,0.57
2024-07-11,0.55
2024-07-12,0.61
2024-07-13,0.57
2024-07-16,0.52
2024-07-17,0.49
2024-07-18,0.53
2024-07-19,0.6
2024-07-20,0.6
2024-07-23,0.55
2024-07-24,0.63
2024-07-25,0.7
2024-07-26,0.8
2024-07-27,0.73
2024-07-30,0.65
2024-07-31,0.68
2024-08-01,0.59
2024-08-02,0.64
2024-08-03,0.81
2024-08-06,0.77
2024-08-07,0.72
2024-08-08,0.69
2024-08-09,0.97
2024-08-10,0.6
2024-08-13,0.68
2024-08-14,0.67
2024-08-15,0.67
2024-08-16,0.58
2024-08-17,0.51
2024-08-20,0.47
2024-08-21,0.59
2024-08-22,0.59
2024-08-23,0.74
2024-08-24,0.55
2024-08-27,0.57
2024-08-28,0.7
2024-08-29,0.64
2024-08-30,0.62
2024-08-31,0.6
2024-09-04,0.73
2024-09-05,0.73
2024-09-06,0.98
2024-09-07,0.75
2024-09-10,0.64
2024-09-11,0.69
2024-09-12,0.6
2024-09-13,0.57
2024-09-14,0.54
2024-09-17,0.52
2024-09-18,0.51
2024-09-19,0.61
2024-09-20,0.77
2024-09-21,0.52
2024-09-24,0.49
2024-09-25,0.54
2024-09-26,0.52
2024-09-27,0.5
2024-09-28,0.53
2024-10-01,0.55
2024-10-02,0.55
2024-10-03,0.56
2024-10-04,0.71
2024-10-05,0.48
2024-10-08,0.55
2024-10-09,0.54
2024-10-10,0.59
2024-10-11,0.49
2024-10-12,0.44
2024-10-15,0.5
2024-10-16,0.57
2024-10-17,0.57
2024-10-18,0.77
2024-10-19,0.42
2024-10-22,0.49
2024-10-23,0.59
2024-10-24,0.58
2024-10-25,0.55
2024-10-26,0.51
2024-10-29,0.58
2024-10-30,0.62
2024-10-31,0.63
2024-11-01,0.63
2024-11-02,0.71
2024-11-05,0.61
2024-11-06,0.62
2024-11-07,0.54
2024-11-08,0.47
2024-11-09,0.55
2024-11-12,0.48
2024-11-13,0.5
2024-11-14,0.54
2024-11-15,0.63
2024-11-16,0.6
2024-11-19,0.51
2024-11-20,0.62
2024-11-21,0.58
2024-11-22,0.53
2024-11-23,0.51
2024-11-26,0.48
2024-11-27,0.48
2024-11-28,0.56
2024-11-30,0.56
2024-12-03,0.62
2024-12-04,0.55
2024-12-05,0.49
2024-12-06,0.5
2024-12-07,0.54
2024-12-10,0.56
2024-12-11,0.48
2024-12-12,0.53
2024-12-13,0.68
2024-12-14,0.58
2024-12-17,0.51
2024-12-18,0.49
2024-12-19,0.45
2024-12-20,0.62
2024-12-21,0.54
2024-12-24,0.48
2024-12-25,0.51
2024-12-27,0.49
2024-12-28,0.67
2024-12-31,0.63
