Price,Adj Close,Close,High,Low,Open,Volume
Ticker,RVTY,RVTY,RVTY,RVTY,RVTY,RVTY
Date,,,,,,
2022-05-16,146.7899932861328,146.7899932861328,149.60000610351562,145.7100067138672,147.05999755859375,652100
2022-05-17,147.6300048828125,147.6300048828125,150.0399932861328,145.89999389648438,148.8699951171875,595200
2022-05-18,142.49000549316406,142.49000549316406,145.25999450683594,141.07000732421875,144.08999633789062,776400
2022-05-19,143.5500030517578,143.5500030517578,144.6999969482422,140.17999267578125,141.75,993500
2022-05-20,146.72999572753906,146.72999572753906,146.9199981689453,142.5800018310547,144.38999938964844,712700
2022-05-23,146.47999572753906,146.47999572753906,148.50999450683594,145.16000366210938,148.2899932861328,656900
2022-05-24,144.11000061035156,144.11000061035156,145.6699981689453,142.17999267578125,145.5399932861328,479200
2022-05-25,142.72999572753906,142.72999572753906,144.08999633789062,140.8699951171875,143.5,479300
2022-05-26,146.64999389648438,146.64999389648438,146.92999267578125,142.82000732421875,143.64999389648438,617400
2022-05-27,156.17999267578125,156.17999267578125,156.4199981689453,147.5399932861328,147.83999633789062,1152800
2022-05-31,149.6699981689453,149.6699981689453,155.2899932861328,149.17999267578125,154.92999267578125,1464700
2022-06-01,146.10000610351562,146.10000610351562,151.8000030517578,144.00999450683594,149.77999877929688,899600
2022-06-02,150.86000061035156,150.86000061035156,150.99000549316406,145.52000427246094,146.47999572753906,401500
2022-06-03,147.6699981689453,147.6699981689453,149.25999450683594,146.8800048828125,148.97000122070312,519800
2022-06-06,148.83999633789062,148.83999633789062,150.35000610351562,147.97999572753906,148.75,434000
2022-06-07,152.05999755859375,152.05999755859375,152.4499969482422,147.86000061035156,148.32000732421875,458200
2022-06-08,149.1999969482422,149.1999969482422,151.8699951171875,148.64999389648438,150.7899932861328,333700
2022-06-09,146.4499969482422,146.4499969482422,149.4600067138672,146.32000732421875,148.52000427246094,499000
2022-06-10,141.89999389648438,141.89999389648438,144.8699951171875,141.8000030517578,143.66000366210938,814900
2022-06-13,137.8699951171875,137.8699951171875,139.0,134.92999267578125,137.94000244140625,912600
2022-06-14,138.13999938964844,138.13999938964844,138.82000732421875,135.25,137.57000732421875,475600
2022-06-15,140.41000366210938,140.41000366210938,142.07000732421875,137.8699951171875,140.8800048828125,679500
2022-06-16,137.5399932861328,137.5399932861328,137.85000610351562,134.83999633789062,136.74000549316406,720200
2022-06-17,134.91000366210938,134.91000366210938,140.97000122070312,132.77999877929688,136.92999267578125,1645700
2022-06-21,135.63999938964844,135.63999938964844,138.25,135.55999755859375,137.0500030517578,579400
2022-06-22,138.24000549316406,138.24000549316406,140.08999633789062,134.1300048828125,134.5500030517578,868400
2022-06-23,144.30999755859375,144.30999755859375,145.02000427246094,138.6199951171875,139.07000732421875,701000
2022-06-24,145.52999877929688,145.52999877929688,146.58999633789062,143.8000030517578,145.36000061035156,1077000
2022-06-27,144.97000122070312,144.97000122070312,146.77000427246094,143.5500030517578,146.57000732421875,393800
2022-06-28,141.3300018310547,141.3300018310547,145.75999450683594,140.86000061035156,144.52000427246094,388800
2022-06-29,142.27999877929688,142.27999877929688,142.69000244140625,139.3699951171875,142.0,361000
2022-06-30,142.22000122070312,142.22000122070312,143.7899932861328,139.64999389648438,140.36000061035156,762100
2022-07-01,144.07000732421875,144.07000732421875,144.32000732421875,140.11000061035156,142.38999938964844,432500
2022-07-05,144.55999755859375,144.55999755859375,144.61000061035156,137.72000122070312,141.0500030517578,690000
2022-07-06,145.99000549316406,145.99000549316406,147.22000122070312,144.25,144.8800048828125,880500
2022-07-07,146.5,146.5,148.49000549316406,145.08999633789062,145.89999389648438,706500
2022-07-08,146.00999450683594,146.00999450683594,147.3300018310547,144.50999450683594,145.19000244140625,873400
2022-07-11,144.58999633789062,144.58999633789062,146.35000610351562,144.17999267578125,144.8000030517578,426300
2022-07-12,138.60000610351562,138.60000610351562,144.94000244140625,138.3300018310547,144.07000732421875,634600
2022-07-13,137.08999633789062,137.08999633789062,138.33999633789062,134.9499969482422,136.02999877929688,518000
2022-07-14,133.67999267578125,133.67999267578125,135.02000427246094,130.64999389648438,133.5,896500
2022-07-15,135.14999389648438,135.14999389648438,136.6699981689453,132.0,136.11000061035156,823900
2022-07-18,132.3699951171875,132.3699951171875,136.0,131.52999877929688,135.44000244140625,680600
2022-07-19,137.38999938964844,137.38999938964844,137.66000366210938,134.0500030517578,134.22000122070312,832900
2022-07-20,139.99000549316406,139.99000549316406,141.07000732421875,138.00999450683594,138.32000732421875,692300
2022-07-21,147.9600067138672,147.9600067138672,150.72999572753906,141.35000610351562,141.75,826200
2022-07-22,146.6699981689453,146.6699981689453,148.77999877929688,144.83999633789062,147.9600067138672,390000
2022-07-25,146.38999938964844,146.38999938964844,147.6300048828125,145.3800048828125,146.32000732421875,356200
2022-07-26,147.86000061035156,147.86000061035156,147.9499969482422,145.47999572753906,146.49000549316406,439200
2022-07-27,150.69000244140625,150.69000244140625,151.58999633789062,147.6199951171875,148.6199951171875,428600
2022-07-28,154.4199981689453,154.4199981689453,155.16000366210938,149.50999450683594,151.58999633789062,629800
2022-07-29,153.1699981689453,153.1699981689453,155.8300018310547,152.0399932861328,153.77999877929688,900800
2022-08-01,160.8699951171875,160.8699951171875,170.0,160.55999755859375,169.63999938964844,2034600
2022-08-02,154.10000610351562,154.10000610351562,160.19000244140625,153.69000244140625,156.92999267578125,1428800
2022-08-03,154.22999572753906,154.22999572753906,155.4499969482422,151.66000366210938,154.5399932861328,683000
2022-08-04,152.9499969482422,152.9499969482422,153.5800018310547,151.25999450683594,153.1199951171875,515500
2022-08-05,153.72000122070312,153.72000122070312,154.02000427246094,150.80999755859375,151.17999267578125,584800
2022-08-08,154.08999633789062,154.08999633789062,155.7899932861328,152.72000122070312,154.30999755859375,563600
2022-08-09,151.49000549316406,151.49000549316406,154.7100067138672,150.07000732421875,153.6699981689453,470900
2022-08-10,158.25999450683594,158.25999450683594,158.47999572753906,152.47999572753906,153.91000366210938,684600
2022-08-11,160.9600067138672,160.9600067138672,163.92999267578125,158.77999877929688,159.6699981689453,1872300
2022-08-12,157.91000366210938,157.91000366210938,162.30999755859375,156.72000122070312,161.4600067138672,1546800
2022-08-15,157.64999389648438,157.64999389648438,158.30999755859375,156.11000061035156,157.16000366210938,485700
2022-08-16,156.3000030517578,156.3000030517578,157.38999938964844,155.25,156.14999389648438,448900
2022-08-17,150.74000549316406,150.74000549316406,155.36000061035156,149.9199981689453,154.58999633789062,835500
2022-08-18,148.1699981689453,148.1699981689453,149.25,145.02000427246094,148.50999450683594,753900
2022-08-19,145.1300048828125,145.1300048828125,149.05999755859375,144.9499969482422,148.11000061035156,448700
2022-08-22,141.77999877929688,141.77999877929688,143.8000030517578,141.10000610351562,143.08999633789062,430800
2022-08-23,141.14999389648438,141.14999389648438,142.32000732421875,139.44000244140625,141.07000732421875,385300
2022-08-24,141.38999938964844,141.38999938964844,142.41000366210938,140.67999267578125,140.75,425300
2022-08-25,144.4199981689453,144.4199981689453,144.57000732421875,141.66000366210938,142.72999572753906,344500
2022-08-26,137.57000732421875,137.57000732421875,144.89999389648438,136.99000549316406,144.89999389648438,748100
2022-08-29,136.32000732421875,136.32000732421875,137.77000427246094,135.75999450683594,136.08999633789062,619400
2022-08-30,136.25,136.25,137.17999267578125,135.5500030517578,136.8800048828125,670200
2022-08-31,135.05999755859375,135.05999755859375,137.3300018310547,134.02999877929688,136.42999267578125,753200
2022-09-01,135.3300018310547,135.3300018310547,135.55999755859375,132.99000549316406,133.97000122070312,729400
2022-09-02,134.58999633789062,134.58999633789062,136.9199981689453,133.89999389648438,136.9199981689453,626600
2022-09-06,132.1999969482422,132.1999969482422,134.24000549316406,131.64999389648438,134.1300048828125,549800
2022-09-07,134.64999389648438,134.64999389648438,135.10000610351562,130.1300048828125,132.10000610351562,424700
2022-09-08,138.6199951171875,138.6199951171875,138.6999969482422,133.86000061035156,134.0399932861328,430700
2022-09-09,141.6199951171875,141.6199951171875,142.1300048828125,138.5500030517578,139.1300048828125,508500
2022-09-12,142.3699951171875,142.3699951171875,142.77999877929688,141.05999755859375,141.74000549316406,588300
2022-09-13,132.7100067138672,132.7100067138672,138.66000366210938,132.55999755859375,138.60000610351562,882200
2022-09-14,134.66000366210938,134.66000366210938,135.44000244140625,132.74000549316406,133.50999450683594,978100
2022-09-15,132.19000244140625,132.19000244140625,136.2899932861328,132.1699981689453,135.74000549316406,751400
2022-09-16,130.13999938964844,130.13999938964844,131.07000732421875,128.22000122070312,130.74000549316406,1877900
2022-09-19,130.30999755859375,130.30999755859375,130.38999938964844,126.8000030517578,129.1300048828125,654300
2022-09-20,127.75,127.75,129.22000122070312,126.41000366210938,128.86000061035156,881100
2022-09-21,125.9499969482422,125.9499969482422,131.08999633789062,125.5199966430664,128.0500030517578,643900
2022-09-22,123.2300033569336,123.2300033569336,125.52999877929688,123.0199966430664,125.0,765400
2022-09-23,122.30999755859376,122.30999755859376,123.68000030517578,120.12000274658205,122.29000091552734,851500
2022-09-26,120.58000183105467,120.58000183105467,124.3499984741211,120.4800033569336,121.73999786376952,624600
2022-09-27,118.06999969482422,118.06999969482422,122.63999938964844,116.18000030517578,122.47000122070312,1170100
2022-09-28,121.0,121.0,121.88999938964844,117.94000244140624,119.5,683700
2022-09-29,121.36000061035156,121.36000061035156,121.79000091552734,119.06999969482422,120.08000183105467,621200
2022-09-30,120.33000183105467,120.33000183105467,122.91999816894533,120.23999786376952,121.86000061035156,832000
2022-10-03,124.54000091552734,124.54000091552734,125.44000244140624,120.27999877929688,121.7699966430664,756800
2022-10-04,128.1300048828125,128.1300048828125,130.16000366210938,126.8000030517578,127.11000061035156,944500
2022-10-05,131.35000610351562,131.35000610351562,131.88999938964844,125.56999969482422,126.13999938964844,786100
2022-10-06,129.61000061035156,129.61000061035156,131.49000549316406,129.30999755859375,130.42999267578125,588700
2022-10-07,124.0,124.0,128.66000366210938,123.62000274658205,127.80999755859376,898300
2022-10-10,121.3499984741211,121.3499984741211,124.5500030517578,120.33000183105467,124.5500030517578,596100
2022-10-11,119.0,119.0,120.91000366210938,117.81999969482422,120.38999938964844,972400
2022-10-12,117.01000213623048,117.01000213623048,120.13999938964844,116.9800033569336,120.06999969482422,546000
2022-10-13,121.19000244140624,121.19000244140624,122.2300033569336,113.45999908447266,114.26000213623048,646300
2022-10-14,120.12000274658205,120.12000274658205,122.51000213623048,118.30999755859376,122.2699966430664,1129400
2022-10-17,126.62999725341795,126.62999725341795,127.87000274658205,122.88999938964844,123.9800033569336,1093800
2022-10-18,130.3699951171875,130.3699951171875,132.6300048828125,129.82000732421875,130.63999938964844,1051600
2022-10-19,127.66000366210938,127.66000366210938,129.25,125.37000274658205,129.25,704700
2022-10-20,125.93000030517578,125.93000030517578,129.58999633789062,125.0199966430664,127.0,575900
2022-10-21,130.5500030517578,130.5500030517578,130.5800018310547,124.37000274658205,126.9000015258789,564900
2022-10-24,132.72000122070312,132.72000122070312,133.16000366210938,129.64999389648438,132.02000427246094,518300
2022-10-25,136.42999267578125,136.42999267578125,136.89999389648438,132.3800048828125,133.1199951171875,824500
2022-10-26,136.44000244140625,136.44000244140625,139.00999450683594,135.22000122070312,136.3800048828125,723800
2022-10-27,135.3000030517578,135.3000030517578,137.24000549316406,134.22999572753906,136.10000610351562,609900
2022-10-28,135.94000244140625,135.94000244140625,137.02999877929688,134.3800048828125,135.47999572753906,573900
2022-10-31,133.5800018310547,133.5800018310547,135.52999877929688,132.9199981689453,134.6999969482422,983200
2022-11-01,136.57000732421875,136.57000732421875,138.05999755859375,134.9600067138672,135.22999572753906,1175600
2022-11-02,130.1199951171875,130.1199951171875,136.4600067138672,129.97999572753906,136.16000366210938,999700
2022-11-03,127.47000122070312,127.47000122070312,129.7100067138672,124.62000274658205,128.39999389648438,1313700
2022-11-04,130.49000549316406,130.49000549316406,130.66000366210938,126.1999969482422,129.47000122070312,2106000
2022-11-07,129.2100067138672,129.2100067138672,130.2100067138672,128.11000061035156,130.0,1465100
2022-11-08,127.11000061035156,127.11000061035156,129.52000427246094,123.58000183105467,129.3000030517578,1694100
2022-11-09,126.29000091552734,126.29000091552734,128.47000122070312,124.48999786376952,125.51000213623048,598400
2022-11-10,136.3800048828125,136.3800048828125,136.67999267578125,130.0,130.0,1206500
2022-11-11,143.4600067138672,143.4600067138672,145.1999969482422,135.5399932861328,137.30999755859375,1510300
2022-11-14,143.02999877929688,143.02999877929688,145.02000427246094,142.39999389648438,142.63999938964844,1027700
2022-11-15,142.27999877929688,142.27999877929688,146.19000244140625,141.52999877929688,145.25,819900
2022-11-16,139.13999938964844,139.13999938964844,142.14999389648438,137.77000427246094,140.77000427246094,507100
2022-11-17,135.67999267578125,135.67999267578125,137.47000122070312,133.97000122070312,137.0,1033100
2022-11-18,136.1699981689453,136.1699981689453,138.57000732421875,135.19000244140625,138.05999755859375,712300
2022-11-21,136.39999389648438,136.39999389648438,137.0,134.3000030517578,135.0,616300
2022-11-22,136.61000061035156,136.61000061035156,138.1199951171875,135.74000549316406,137.49000549316406,765100
2022-11-23,137.3699951171875,137.3699951171875,138.08999633789062,136.3699951171875,137.2100067138672,510000
2022-11-25,136.92999267578125,136.92999267578125,137.61000061035156,135.8699951171875,137.05999755859375,194400
2022-11-28,133.67999267578125,133.67999267578125,139.0399932861328,133.10000610351562,137.5500030517578,722300
2022-11-29,133.64999389648438,133.64999389648438,134.82000732421875,132.8800048828125,134.5,547100
2022-11-30,139.72999572753906,139.72999572753906,140.63999938964844,131.1300048828125,134.47999572753906,1442900
2022-12-01,141.75,141.75,142.7100067138672,139.66000366210938,141.0800018310547,845300
2022-12-02,139.22999572753906,139.22999572753906,140.60000610351562,138.66000366210938,139.75999450683594,558300
2022-12-05,136.94000244140625,136.94000244140625,137.9600067138672,135.16000366210938,137.25999450683594,852300
2022-12-06,137.2899932861328,137.2899932861328,139.89999389648438,135.8800048828125,138.5,632200
2022-12-07,139.3000030517578,139.3000030517578,141.0,137.9499969482422,137.9499969482422,663800
2022-12-08,141.94000244140625,141.94000244140625,144.07000732421875,138.83999633789062,140.0800018310547,780600
2022-12-09,139.14999389648438,139.14999389648438,142.63999938964844,139.05999755859375,141.38999938964844,414800
2022-12-12,142.52999877929688,142.52999877929688,143.16000366210938,141.27000427246094,141.33999633789062,732100
2022-12-13,147.94000244140625,147.94000244140625,150.1699981689453,144.17999267578125,148.47999572753906,1734300
2022-12-14,143.7100067138672,143.7100067138672,148.66000366210938,143.25,147.39999389648438,741700
2022-12-15,141.0399932861328,141.0399932861328,141.8699951171875,139.94000244140625,141.63999938964844,567300
2022-12-16,137.66000366210938,137.66000366210938,141.11000061035156,136.69000244140625,139.72000122070312,2061200
2022-12-19,138.32000732421875,138.32000732421875,139.6199951171875,137.16000366210938,138.41000366210938,718800
2022-12-20,139.47999572753906,139.47999572753906,139.58999633789062,136.63999938964844,138.61000061035156,693900
2022-12-21,142.14999389648438,142.14999389648438,144.0,139.94000244140625,141.3699951171875,509700
2022-12-22,141.3800048828125,141.3800048828125,141.41000366210938,138.47999572753906,140.61000061035156,303400
2022-12-23,140.6300048828125,140.6300048828125,141.1199951171875,139.58999633789062,141.1199951171875,354100
2022-12-27,140.1999969482422,140.1999969482422,140.82000732421875,138.50999450683594,140.25,331900
2022-12-28,138.0800018310547,138.0800018310547,141.25999450683594,137.9199981689453,140.22999572753906,399200
2022-12-29,142.83999633789062,142.83999633789062,143.02000427246094,138.9600067138672,139.6199951171875,287700
2022-12-30,140.22000122070312,140.22000122070312,142.11000061035156,138.3000030517578,142.11000061035156,413400
2023-01-03,141.13999938964844,141.13999938964844,143.1199951171875,139.2100067138672,141.91000366210938,900800
2023-01-04,142.30999755859375,142.30999755859375,144.2100067138672,141.05999755859375,142.7899932861328,644900
2023-01-05,138.80999755859375,138.80999755859375,141.05999755859375,138.1999969482422,140.24000549316406,764000
2023-01-06,133.52999877929688,133.52999877929688,140.52999877929688,131.02000427246094,140.52999877929688,1125700
2023-01-09,133.88999938964844,133.88999938964844,136.4499969482422,133.0800018310547,135.1199951171875,674900
2023-01-10,133.39999389648438,133.39999389648438,140.5399932861328,132.25999450683594,134.38999938964844,1609100
2023-01-11,135.52999877929688,135.52999877929688,137.7899932861328,128.91000366210938,134.27000427246094,1693500
2023-01-12,132.16000366210938,132.16000366210938,135.4600067138672,131.22999572753906,135.4600067138672,1420400
2023-01-13,133.77000427246094,133.77000427246094,134.25,128.1199951171875,130.92999267578125,1294700
2023-01-17,132.47999572753906,132.47999572753906,135.44000244140625,132.41000366210938,133.80999755859375,661100
2023-01-18,132.57000732421875,132.57000732421875,135.19000244140625,131.91000366210938,132.64999389648438,585100
2023-01-19,133.00999450683594,133.00999450683594,133.6199951171875,130.58999633789062,131.16000366210938,393800
2023-01-20,137.82000732421875,137.82000732421875,137.83999633789062,132.02999877929688,133.3000030517578,734400
2023-01-23,140.75,140.75,142.5500030517578,137.52999877929688,137.72999572753906,1240000
2023-01-24,134.8699951171875,134.8699951171875,140.97000122070312,133.66000366210938,140.75,768200
2023-01-25,135.0800018310547,135.0800018310547,135.1999969482422,132.0,132.69000244140625,356000
2023-01-26,134.9600067138672,134.9600067138672,135.97000122070312,132.99000549316406,135.97000122070312,969900
2023-01-27,138.55999755859375,138.55999755859375,139.14999389648438,133.02000427246094,134.5399932861328,504200
2023-01-30,135.27999877929688,135.27999877929688,138.14999389648438,134.72000122070312,137.47000122070312,485800
2023-01-31,137.52999877929688,137.52999877929688,137.69000244140625,133.6300048828125,135.8800048828125,677100
2023-02-01,139.27000427246094,139.27000427246094,142.5,137.91000366210938,139.47999572753906,1238200
2023-02-02,144.3800048828125,144.3800048828125,145.35000610351562,139.92999267578125,139.94000244140625,933600
2023-02-03,141.75,141.75,143.67999267578125,140.1699981689453,141.82000732421875,756000
2023-02-06,137.89999389648438,137.89999389648438,139.8800048828125,136.8000030517578,139.8800048828125,528400
2023-02-07,139.5,139.5,140.38999938964844,136.44000244140625,136.77000427246094,569900
2023-02-08,139.30999755859375,139.30999755859375,140.3699951171875,138.1999969482422,138.8300018310547,413400
2023-02-09,136.75,136.75,141.38999938964844,135.97999572753906,141.38999938964844,573800
2023-02-10,135.72999572753906,135.72999572753906,137.0,135.00999450683594,135.3699951171875,693400
2023-02-13,138.6999969482422,138.6999969482422,139.0,135.82000732421875,136.2899932861328,1039800
2023-02-14,137.97000122070312,137.97000122070312,144.5,135.91000366210938,141.5,1758000
2023-02-15,135.3300018310547,135.3300018310547,136.63999938964844,133.25999450683594,136.22000122070312,1817900
2023-02-16,134.8800048828125,134.8800048828125,135.17999267578125,131.22000122070312,132.8699951171875,1110600
2023-02-17,133.44000244140625,133.44000244140625,134.36000061035156,132.61000061035156,134.13999938964844,532100
2023-02-21,128.30999755859375,128.30999755859375,131.4600067138672,128.25999450683594,131.4600067138672,1109000
2023-02-22,128.85000610351562,128.85000610351562,129.1699981689453,127.47000122070312,127.5999984741211,827300
2023-02-23,128.00999450683594,128.00999450683594,130.52000427246094,127.3499984741211,130.42999267578125,1051300
2023-02-24,125.12999725341795,125.12999725341795,126.25,123.87000274658205,126.25,970900
2023-02-27,123.20999908447266,123.20999908447266,126.63999938964844,123.0999984741211,126.4800033569336,1018400
2023-02-28,124.56999969482422,124.56999969482422,125.11000061035156,122.01000213623048,123.16000366210938,1439400
2023-03-01,123.5,123.5,124.48999786376952,122.9800033569336,123.80999755859376,1238000
2023-03-02,128.1999969482422,128.1999969482422,128.58999633789062,122.66000366210938,122.66000366210938,948500
2023-03-03,131.33999633789062,131.33999633789062,132.05999755859375,128.10000610351562,128.89999389648438,840400
2023-03-06,128.49000549316406,128.49000549316406,132.47999572753906,128.3699951171875,131.52999877929688,725700
2023-03-07,124.8000030517578,124.8000030517578,128.4199981689453,124.12000274658205,128.4199981689453,582700
2023-03-08,124.18000030517578,124.18000030517578,125.5,123.44000244140624,124.87999725341795,430700
2023-03-09,123.5,123.5,127.2300033569336,123.16000366210938,124.13999938964844,875000
2023-03-10,120.2300033569336,120.2300033569336,122.87000274658205,118.8499984741211,122.83000183105467,607400
2023-03-13,120.16000366210938,120.16000366210938,121.37999725341795,116.75,119.80999755859376,645400
2023-03-14,123.31999969482422,123.31999969482422,125.48999786376952,121.8499984741211,122.70999908447266,993600
2023-03-15,122.54000091552734,122.54000091552734,122.68000030517578,120.16999816894533,121.30999755859376,1202500
2023-03-16,126.08000183105467,126.08000183105467,126.63999938964844,121.41999816894533,121.75,742500
2023-03-17,122.55999755859376,122.55999755859376,126.08000183105467,122.37000274658205,126.08000183105467,1153900
2023-03-20,123.7699966430664,123.7699966430664,124.91999816894533,121.68000030517578,122.22000122070312,687800
2023-03-21,125.5500030517578,125.5500030517578,126.12000274658205,124.58000183105467,124.9800033569336,935900
2023-03-22,125.08999633789062,125.08999633789062,129.3000030517578,125.0199966430664,125.5199966430664,1016000
2023-03-23,125.0999984741211,125.0999984741211,126.94000244140624,124.3000030517578,125.88999938964844,603500
2023-03-24,127.58000183105467,127.58000183105467,127.87000274658205,123.08000183105467,124.47000122070312,791500
2023-03-27,128.0,128.0,129.99000549316406,127.91000366210938,128.6300048828125,672000
2023-03-28,128.2899932861328,128.2899932861328,128.64999389648438,127.22000122070312,127.58000183105467,670000
2023-03-29,129.39999389648438,129.39999389648438,130.0,128.05999755859375,129.64999389648438,532000
2023-03-30,131.0,131.0,132.19000244140625,130.47999572753906,130.8800048828125,640200
2023-03-31,133.25999450683594,133.25999450683594,133.60000610351562,130.9600067138672,131.63999938964844,679200
2023-04-03,131.3699951171875,131.3699951171875,132.88999938964844,130.0399932861328,132.3300018310547,1309900
2023-04-04,131.88999938964844,131.88999938964844,133.50999450683594,130.99000549316406,131.9600067138672,621600
2023-04-05,133.36000061035156,133.36000061035156,134.30999755859375,130.49000549316406,131.38999938964844,689500
2023-04-06,133.57000732421875,133.57000732421875,133.97999572753906,132.0800018310547,133.36000061035156,600100
2023-04-10,132.8699951171875,132.8699951171875,133.6999969482422,131.58999633789062,132.44000244140625,748700
2023-04-11,134.19000244140625,134.19000244140625,135.1699981689453,133.50999450683594,133.64999389648438,626500
2023-04-12,134.33999633789062,134.33999633789062,136.0500030517578,134.0,135.22999572753906,474700
2023-04-13,136.97000122070312,136.97000122070312,137.49000549316406,134.97000122070312,135.07000732421875,666000
2023-04-14,137.11000061035156,137.11000061035156,139.0399932861328,136.0800018310547,137.13999938964844,732100
2023-04-17,135.9499969482422,135.9499969482422,137.08999633789062,135.6999969482422,136.8300018310547,562700
2023-04-18,134.1300048828125,134.1300048828125,136.88999938964844,134.05999755859375,136.88999938964844,435200
2023-04-19,135.5500030517578,135.5500030517578,135.8800048828125,132.85000610351562,133.13999938964844,584700
2023-04-20,132.4499969482422,132.4499969482422,134.35000610351562,131.58999633789062,133.4199981689453,618100
2023-04-21,132.94000244140625,132.94000244140625,134.13999938964844,132.52000427246094,133.0,574700
2023-04-24,134.86000061035156,134.86000061035156,135.6699981689453,133.24000549316406,133.24000549316406,772000
2023-04-25,127.5199966430664,127.5199966430664,133.25999450683594,127.16999816894533,133.25999450683594,995200
2023-04-26,129.63999938964844,129.63999938964844,130.3300018310547,124.66999816894533,124.66999816894533,726600
2023-04-27,128.55999755859375,128.55999755859375,129.75,126.7300033569336,129.72000122070312,1187700
2023-04-28,130.49000549316406,130.49000549316406,131.61000061035156,128.6999969482422,128.7899932861328,562100
2023-05-01,130.25999450683594,130.25999450683594,131.27000427246094,130.14999389648438,130.7100067138672,589300
2023-05-02,128.72999572753906,128.72999572753906,130.6999969482422,128.27000427246094,129.25,498500
2023-05-03,130.22999572753906,130.22999572753906,131.69000244140625,129.0399932861328,129.72999572753906,478100
2023-05-04,131.1300048828125,131.1300048828125,131.74000549316406,129.27000427246094,130.38999938964844,624000
2023-05-05,129.8699951171875,129.8699951171875,132.5399932861328,127.83999633789062,131.7899932861328,818100
2023-05-08,128.0,128.0,130.1199951171875,127.4000015258789,130.0500030517578,612500
2023-05-09,124.81999969482422,124.81999969482422,126.0500030517578,122.0500030517578,123.4499969482422,1124200
2023-05-10,124.5500030517578,124.5500030517578,126.7300033569336,123.31999969482422,126.3000030517578,1098500
2023-05-11,118.37000274658205,118.37000274658205,119.9800033569336,114.29000091552734,117.18000030517578,2177100
2023-05-12,116.3000030517578,116.3000030517578,119.37000274658205,115.3499984741211,117.47000122070312,1063300
2023-05-15,115.23999786376952,115.23999786376952,117.20999908447266,114.66999816894533,115.9800033569336,1633000
2023-05-16,114.20999908447266,114.20999908447266,116.73999786376952,113.16999816894533,115.6500015258789,553000
2023-05-17,115.27999877929688,115.27999877929688,115.4499969482422,113.38999938964844,114.43000030517578,955200
2023-05-18,116.83999633789062,116.83999633789062,116.93000030517578,114.77999877929688,115.37000274658205,822500
2023-05-19,119.08999633789062,119.08999633789062,119.68000030517578,116.91999816894533,117.61000061035156,799600
2023-05-22,120.23999786376952,120.23999786376952,121.0199966430664,118.04000091552734,118.81999969482422,575100
2023-05-23,120.3000030517578,120.3000030517578,122.22000122070312,118.48999786376952,120.52999877929688,1163900
2023-05-24,117.16000366210938,117.16000366210938,118.9000015258789,116.3499984741211,118.83999633789062,753300
2023-05-25,116.4499969482422,116.4499969482422,117.86000061035156,115.43000030517578,116.9800033569336,1201400
2023-05-26,116.66999816894533,116.66999816894533,118.36000061035156,116.41000366210938,117.4000015258789,931100
2023-05-30,116.22000122070312,116.22000122070312,118.0500030517578,116.02999877929688,116.8499984741211,537800
2023-05-31,115.31999969482422,115.31999969482422,116.06999969482422,113.22000122070312,115.16999816894533,841500
2023-06-01,115.66999816894533,115.66999816894533,116.7300033569336,115.01000213623048,116.12000274658205,616100
2023-06-02,115.22000122070312,115.22000122070312,116.4800033569336,114.08000183105467,116.11000061035156,660700
2023-06-05,114.45999908447266,114.45999908447266,115.83999633789062,113.73999786376952,114.88999938964844,874600
2023-06-06,114.44000244140624,114.44000244140624,115.91000366210938,113.98999786376952,114.66999816894533,508800
2023-06-07,114.86000061035156,114.86000061035156,115.33999633789062,113.4800033569336,114.9499969482422,721800
2023-06-08,111.4499969482422,111.4499969482422,114.7699966430664,111.43000030517578,114.66000366210938,619400
2023-06-09,111.08999633789062,111.08999633789062,113.0,110.75,112.0,606300
2023-06-12,113.5,113.5,114.29000091552734,111.08999633789062,111.13999938964844,888900
2023-06-13,114.9000015258789,114.9000015258789,114.9499969482422,112.98999786376952,112.98999786376952,1264900
2023-06-14,115.4000015258789,115.4000015258789,116.1999969482422,114.08999633789062,115.01000213623048,1122500
2023-06-15,117.66999816894533,117.66999816894533,117.9000015258789,115.06999969482422,115.3000030517578,612700
2023-06-16,119.26000213623048,119.26000213623048,119.91000366210938,117.58000183105467,118.88999938964844,1310100
2023-06-20,116.08999633789062,116.08999633789062,118.0,115.86000061035156,117.08999633789062,1107800
2023-06-21,115.30999755859376,115.30999755859376,116.5500030517578,114.66000366210938,114.91999816894533,826600
2023-06-22,115.29000091552734,115.29000091552734,115.69000244140624,114.43000030517578,115.0,555000
2023-06-23,115.97000122070312,115.97000122070312,116.3000030517578,113.4000015258789,114.20999908447266,943100
2023-06-26,116.70999908447266,116.70999908447266,117.19000244140624,114.79000091552734,115.52999877929688,843500
2023-06-27,114.91999816894533,114.91999816894533,117.02999877929688,114.0,116.79000091552734,885100
2023-06-28,117.23999786376952,117.23999786376952,117.33999633789062,114.51000213623048,114.9800033569336,1288300
2023-06-29,118.52999877929688,118.52999877929688,118.87000274658205,116.27999877929688,116.91999816894533,953400
2023-06-30,118.79000091552734,118.79000091552734,120.11000061035156,118.12000274658205,119.62000274658205,685600
2023-07-03,117.73999786376952,117.73999786376952,118.66000366210938,117.3000030517578,118.36000061035156,381500
2023-07-05,117.0199966430664,117.0199966430664,117.52999877929688,115.12000274658205,116.83999633789062,703000
2023-07-06,115.87999725341795,115.87999725341795,116.5500030517578,114.48999786376952,115.66999816894533,474300
2023-07-07,116.31999969482422,116.31999969482422,117.31999969482422,115.36000061035156,115.52999877929688,443400
2023-07-10,116.9800033569336,116.9800033569336,118.38999938964844,115.20999908447266,115.9000015258789,534300
2023-07-11,119.0,119.0,119.3499984741211,116.7300033569336,116.98999786376952,481500
2023-07-12,120.68000030517578,120.68000030517578,121.19000244140624,119.69000244140624,120.69000244140624,526300
2023-07-13,122.27999877929688,122.27999877929688,122.7699966430664,120.83000183105467,121.12000274658205,913800
2023-07-14,122.80999755859376,122.80999755859376,123.48999786376952,121.43000030517578,122.3499984741211,631700
2023-07-17,121.0,121.0,122.62000274658205,120.4499969482422,122.62000274658205,340200
2023-07-18,122.27999877929688,122.27999877929688,123.0,121.12999725341795,121.25,533400
2023-07-19,126.52999877929688,126.52999877929688,126.8499984741211,123.16999816894533,123.51000213623048,1095900
2023-07-20,126.7300033569336,126.7300033569336,127.1999969482422,124.83000183105467,126.73999786376952,409500
2023-07-21,130.8699951171875,130.8699951171875,131.67999267578125,125.5999984741211,126.7699966430664,726100
2023-07-24,130.00999450683594,130.00999450683594,131.22999572753906,129.0800018310547,130.6699981689453,893000
2023-07-25,129.57000732421875,129.57000732421875,131.5,128.17999267578125,128.4600067138672,556500
2023-07-26,129.8300018310547,129.8300018310547,129.85000610351562,126.52999877929688,128.8000030517578,844700
2023-07-27,128.6300048828125,128.6300048828125,131.9600067138672,128.60000610351562,130.5,592200
2023-07-28,126.08999633789062,126.08999633789062,129.07000732421875,124.36000061035156,129.07000732421875,1583400
2023-07-31,122.9499969482422,122.9499969482422,125.9800033569336,122.52999877929688,125.94000244140624,2257600
2023-08-01,122.62999725341795,122.62999725341795,127.87999725341795,120.75,124.79000091552734,2010900
2023-08-02,125.12000274658205,125.12000274658205,127.48999786376952,120.97000122070312,120.97000122070312,1356400
2023-08-03,123.16999816894533,123.16999816894533,124.98999786376952,122.19000244140624,123.86000061035156,725500
2023-08-04,123.23999786376952,123.23999786376952,124.37999725341795,122.55999755859376,123.06999969482422,570400
2023-08-07,122.8000030517578,122.8000030517578,123.8499984741211,121.70999908447266,123.36000061035156,498600
2023-08-08,123.18000030517578,123.18000030517578,123.2699966430664,120.79000091552734,122.66999816894533,504000
2023-08-09,121.18000030517578,121.18000030517578,123.95999908447266,121.0999984741211,122.87999725341795,507000
2023-08-10,120.87000274658205,120.87000274658205,122.66999816894533,120.16999816894533,121.31999969482422,464300
2023-08-11,118.83999633789062,118.83999633789062,120.16000366210938,117.91999816894533,119.69000244140624,769300
2023-08-14,117.8000030517578,117.8000030517578,119.45999908447266,116.73999786376952,117.62000274658205,517500
2023-08-15,117.0999984741211,117.0999984741211,117.69000244140624,116.0,116.88999938964844,892000
2023-08-16,114.76000213623048,114.76000213623048,116.48999786376952,114.45999908447266,116.48999786376952,514900
2023-08-17,114.4800033569336,114.4800033569336,116.12999725341795,114.45999908447266,115.36000061035156,487600
2023-08-18,113.22000122070312,113.22000122070312,114.68000030517578,112.27999877929688,113.5199966430664,662000
2023-08-21,113.88999938964844,113.88999938964844,114.06999969482422,112.66999816894533,113.3499984741211,456700
2023-08-22,114.0199966430664,114.0199966430664,114.83999633789062,113.0199966430664,113.33999633789062,375700
2023-08-23,116.29000091552734,116.29000091552734,116.3000030517578,114.55999755859376,114.9499969482422,482800
2023-08-24,116.1999969482422,116.1999969482422,117.52999877929688,115.55999755859376,116.04000091552734,616300
2023-08-25,114.94000244140624,114.94000244140624,117.27999877929688,114.77999877929688,116.80999755859376,428800
2023-08-28,117.37000274658205,117.37000274658205,117.72000122070312,115.91000366210938,116.11000061035156,585300
2023-08-29,118.9800033569336,118.9800033569336,119.55999755859376,116.91999816894533,117.77999877929688,384700
2023-08-30,118.9499969482422,118.9499969482422,119.55999755859376,118.08000183105467,118.95999908447266,441600
2023-08-31,117.02999877929688,117.02999877929688,119.6500015258789,116.91999816894533,119.02999877929688,530800
2023-09-01,116.91999816894533,116.91999816894533,119.18000030517578,116.5500030517578,118.31999969482422,437600
2023-09-05,113.2699966430664,113.2699966430664,116.5500030517578,113.22000122070312,116.5500030517578,608000
2023-09-06,111.43000030517578,111.43000030517578,112.97000122070312,108.62999725341795,112.97000122070312,1336100
2023-09-07,110.22000122070312,110.22000122070312,111.08999633789062,109.51000213623048,111.08999633789062,793500
2023-09-08,106.83000183105467,106.83000183105467,109.86000061035156,105.97000122070312,109.86000061035156,1034900
2023-09-11,107.69000244140624,107.69000244140624,108.4800033569336,105.83000183105467,107.08999633789062,1117400
2023-09-12,109.16999816894533,109.16999816894533,109.58999633789062,106.48999786376952,107.2699966430664,807100
2023-09-13,111.91999816894533,111.91999816894533,112.36000061035156,107.63999938964844,108.0500030517578,912300
2023-09-14,112.70999908447266,112.70999908447266,113.51000213623048,111.47000122070312,113.0,547700
2023-09-15,113.44000244140624,113.44000244140624,116.58000183105467,112.23999786376952,112.26000213623048,1099400
2023-09-18,111.48999786376952,111.48999786376952,112.88999938964844,111.37000274658205,112.81999969482422,803800
2023-09-19,111.1500015258789,111.1500015258789,112.29000091552734,110.5500030517578,111.13999938964844,447500
2023-09-20,110.41000366210938,110.41000366210938,112.19000244140624,110.37999725341795,112.19000244140624,469000
2023-09-21,108.48999786376952,108.48999786376952,110.27999877929688,107.8000030517578,110.25,604100
2023-09-22,109.5,109.5,110.37999725341795,107.95999908447266,108.73999786376952,747000
2023-09-25,110.87999725341795,110.87999725341795,111.0,109.44000244140624,109.80999755859376,445100
2023-09-26,108.93000030517578,108.93000030517578,110.81999969482422,108.93000030517578,110.5999984741211,455200
2023-09-27,109.0500030517578,109.0500030517578,109.94000244140624,108.26000213623048,109.3499984741211,425300
2023-09-28,110.25,110.25,110.87999725341795,109.5500030517578,109.80999755859376,561200
2023-09-29,110.6999969482422,110.6999969482422,111.7300033569336,110.1999969482422,110.72000122070312,561900
2023-10-02,107.80999755859376,107.80999755859376,109.87999725341795,106.75,109.87999725341795,635100
2023-10-03,107.2300033569336,107.2300033569336,108.02999877929688,107.01000213623048,107.20999908447266,486400
2023-10-04,107.44000244140624,107.44000244140624,108.26000213623048,105.68000030517578,107.68000030517578,768800
2023-10-05,106.5999984741211,106.5999984741211,107.30999755859376,104.73999786376952,107.0,572000
2023-10-06,107.54000091552734,107.54000091552734,108.12000274658205,105.22000122070312,105.75,558100
2023-10-09,108.0999984741211,108.0999984741211,108.37999725341795,106.13999938964844,106.77999877929688,520500
2023-10-10,110.06999969482422,110.06999969482422,110.47000122070312,107.62999725341795,108.4000015258789,595200
2023-10-11,108.9800033569336,108.9800033569336,110.38999938964844,108.58999633789062,110.23999786376952,356300
2023-10-12,105.5500030517578,105.5500030517578,108.91999816894533,104.08999633789062,108.47000122070312,747300
2023-10-13,105.8499984741211,105.8499984741211,106.31999969482422,104.41999816894533,105.16000366210938,556900
2023-10-16,106.55999755859376,106.55999755859376,107.62000274658205,104.87000274658205,106.66999816894533,540800
2023-10-17,105.63999938964844,105.63999938964844,106.4800033569336,103.69000244140624,104.62999725341795,462300
2023-10-18,101.58000183105467,101.58000183105467,104.5,101.48999786376952,104.5,604800
2023-10-19,101.43000030517578,101.43000030517578,103.0,100.98999786376952,101.61000061035156,662000
2023-10-20,101.66999816894533,101.66999816894533,102.3000030517578,101.22000122070312,101.7300033569336,774200
2023-10-23,102.27999877929688,102.27999877929688,104.0999984741211,100.6500015258789,100.98999786376952,786000
2023-10-24,101.87999725341795,101.87999725341795,102.80999755859376,100.75,101.20999908447266,678800
2023-10-25,99.69000244140624,99.69000244140624,100.31999969482422,96.6999969482422,100.19000244140624,747800
2023-10-26,98.9499969482422,98.9499969482422,101.0,98.5,99.41999816894533,972000
2023-10-27,97.87000274658205,97.87000274658205,100.0,97.2699966430664,99.41000366210938,1928700
2023-10-30,82.08000183105469,82.08000183105469,84.83000183105469,79.5,81.01000213623047,4228600
2023-10-31,82.8499984741211,82.8499984741211,85.0,80.97000122070312,82.4800033569336,2138200
2023-11-01,82.54000091552734,82.54000091552734,83.69999694824219,81.18000030517578,83.69999694824219,1667400
2023-11-02,83.94999694824219,83.94999694824219,84.4800033569336,82.93000030517578,83.61000061035156,1155500
2023-11-03,88.16000366210938,88.16000366210938,88.83999633789062,85.48999786376953,86.27999877929688,1032500
2023-11-06,85.54000091552734,85.54000091552734,87.91999816894531,85.2300033569336,87.8499984741211,1092300
2023-11-07,85.37999725341797,85.37999725341797,87.9000015258789,84.9000015258789,85.22000122070312,949500
2023-11-08,85.20999908447266,85.20999908447266,86.4000015258789,83.63999938964844,85.75,845600
2023-11-09,84.16000366210938,84.16000366210938,85.44000244140625,83.9000015258789,85.23999786376953,1256600
2023-11-10,84.48999786376953,84.48999786376953,84.5999984741211,82.16999816894531,83.69000244140625,862800
2023-11-13,84.0199966430664,84.0199966430664,84.62000274658203,82.75,83.94000244140625,1566200
2023-11-14,87.8499984741211,87.8499984741211,88.41999816894531,86.1500015258789,86.1500015258789,801400
2023-11-15,89.1500015258789,89.1500015258789,90.7300033569336,87.98999786376953,88.48999786376953,790400
2023-11-16,88.19999694824219,88.19999694824219,89.80000305175781,87.80999755859375,89.08999633789062,427900
2023-11-17,87.97000122070312,87.97000122070312,89.08000183105469,87.69999694824219,89.08000183105469,631000
2023-11-20,88.12000274658203,88.12000274658203,88.12999725341797,86.79000091552734,87.97000122070312,663000
2023-11-21,88.91999816894531,88.91999816894531,90.83999633789062,88.77999877929688,89.80999755859375,519600
2023-11-22,89.4800033569336,89.4800033569336,90.12000274658205,88.9000015258789,89.70999908447266,322700
2023-11-24,90.08999633789062,90.08999633789062,90.08999633789062,88.79000091552734,89.19000244140625,149200
2023-11-27,88.25,88.25,89.66000366210938,88.20999908447266,89.43000030517578,432800
2023-11-28,87.75,87.75,88.3499984741211,86.30000305175781,88.2699966430664,438500
2023-11-29,89.41000366210938,89.41000366210938,89.83000183105469,88.26000213623047,88.51000213623047,500900
2023-11-30,88.9000015258789,88.9000015258789,89.63999938964844,87.8499984741211,89.41000366210938,993600
2023-12-01,91.27999877929688,91.27999877929688,91.3000030517578,87.58000183105469,88.72000122070312,720700
2023-12-04,91.76000213623048,91.76000213623048,92.61000061035156,90.56999969482422,90.56999969482422,515300
2023-12-05,89.3499984741211,89.3499984741211,91.1500015258789,88.62000274658203,91.1500015258789,483400
2023-12-06,90.63999938964844,90.63999938964844,92.0199966430664,89.23999786376953,89.98999786376953,505000
2023-12-07,91.68000030517578,91.68000030517578,91.7300033569336,90.25,90.66999816894533,666200
2023-12-08,91.0199966430664,91.0199966430664,92.4000015258789,90.37000274658205,91.43000030517578,550500
2023-12-11,90.69000244140624,90.69000244140624,91.47000122070312,90.08000183105467,90.97000122070312,628300
2023-12-12,89.45999908447266,89.45999908447266,90.93000030517578,88.9000015258789,90.93000030517578,726900
2023-12-13,98.68000030517578,98.68000030517578,98.87000274658205,89.44000244140625,89.62000274658203,1937300
2023-12-14,101.30999755859376,101.30999755859376,102.5,99.19000244140624,99.5,1920500
2023-12-15,101.16000366210938,101.16000366210938,102.69000244140624,100.22000122070312,102.33000183105467,1809400
2023-12-18,101.31999969482422,101.31999969482422,103.3499984741211,100.26000213623048,102.0500030517578,969300
2023-12-19,104.7300033569336,104.7300033569336,105.2699966430664,101.3499984741211,101.77999877929688,1175800
2023-12-20,104.0500030517578,104.0500030517578,107.63999938964844,103.81999969482422,104.70999908447266,1079600
2023-12-21,105.76000213623048,105.76000213623048,107.41000366210938,104.27999877929688,104.80999755859376,975500
2023-12-22,107.70999908447266,107.70999908447266,109.45999908447266,106.66000366210938,106.6999969482422,1102900
2023-12-26,109.63999938964844,109.63999938964844,110.16999816894533,107.72000122070312,107.9800033569336,898300
2023-12-27,110.69000244140624,110.69000244140624,111.33000183105467,109.4499969482422,109.72000122070312,673300
2023-12-28,110.7699966430664,110.7699966430664,111.41000366210938,109.91999816894533,110.94000244140624,360900
2023-12-29,109.30999755859376,109.30999755859376,111.26000213623048,108.87999725341795,110.1999969482422,385100
2024-01-02,110.43000030517578,110.43000030517578,111.55999755859376,108.13999938964844,108.88999938964844,622200
2024-01-03,105.0199966430664,105.0199966430664,109.80999755859376,104.63999938964844,109.80999755859376,706200
2024-01-04,107.72000122070312,107.72000122070312,108.11000061035156,105.58000183105467,105.69000244140624,756600
2024-01-05,107.36000061035156,107.36000061035156,109.11000061035156,105.73999786376952,106.5999984741211,453900
2024-01-08,109.01000213623048,109.01000213623048,109.77999877929688,106.47000122070312,106.81999969482422,624500
2024-01-09,111.26000213623048,111.26000213623048,115.0,109.83000183105467,111.33999633789062,1038300
2024-01-10,111.68000030517578,111.68000030517578,112.30999755859376,108.52999877929688,109.73999786376952,806500
2024-01-11,110.83000183105467,110.83000183105467,112.08000183105467,109.7699966430664,111.12000274658205,718100
2024-01-12,110.8000030517578,110.8000030517578,112.23999786376952,110.2699966430664,111.7699966430664,393700
2024-01-16,108.19000244140624,108.19000244140624,109.4499969482422,107.94000244140624,109.01000213623048,788900
2024-01-17,105.75,105.75,108.37000274658205,105.22000122070312,107.43000030517578,908300
2024-01-18,105.91999816894533,105.91999816894533,106.63999938964844,104.93000030517578,105.88999938964844,607900
2024-01-19,106.43000030517578,106.43000030517578,106.77999877929688,104.79000091552734,106.2699966430664,627900
2024-01-22,106.70999908447266,106.70999908447266,107.9800033569336,106.68000030517578,107.79000091552734,629900
2024-01-23,107.48999786376952,107.48999786376952,108.0,105.7699966430664,107.79000091552734,1467400
2024-01-24,106.91000366210938,106.91000366210938,108.9000015258789,105.98999786376952,108.2300033569336,727400
2024-01-25,108.69000244140624,108.69000244140624,109.33000183105467,107.23999786376952,108.0,812400
2024-01-26,110.0,110.0,111.66999816894533,109.97000122070312,110.66000366210938,972400
2024-01-29,110.08000183105467,110.08000183105467,110.81999969482422,108.93000030517578,110.1500015258789,771400
2024-01-30,111.18000030517578,111.18000030517578,112.0,109.62000274658205,109.62000274658205,990200
2024-01-31,107.18000030517578,107.18000030517578,111.33000183105467,107.0,111.33000183105467,1521000
2024-02-01,109.26000213623048,109.26000213623048,110.0,102.16000366210938,108.5,1428700
2024-02-02,105.62000274658205,105.62000274658205,108.79000091552734,104.19000244140624,108.79000091552734,1366500
2024-02-05,103.9000015258789,103.9000015258789,105.79000091552734,103.4800033569336,105.08000183105467,1160400
2024-02-06,104.22000122070312,104.22000122070312,105.8499984741211,103.08999633789062,103.7699966430664,1086700
2024-02-07,102.9000015258789,102.9000015258789,104.4800033569336,102.37999725341795,104.4800033569336,880200
2024-02-08,103.25,103.25,103.45999908447266,100.7300033569336,102.0999984741211,774500
2024-02-09,103.76000213623048,103.76000213623048,104.2699966430664,102.86000061035156,103.18000030517578,612400
2024-02-12,104.88999938964844,104.88999938964844,105.66000366210938,103.43000030517578,103.76000213623048,694200
2024-02-13,101.3499984741211,101.3499984741211,103.83999633789062,100.16000366210938,102.9000015258789,949100
2024-02-14,103.55999755859376,103.55999755859376,103.63999938964844,101.91999816894533,102.04000091552734,660700
2024-02-15,104.06999969482422,104.06999969482422,105.81999969482422,103.16999816894533,103.83999633789062,724200
2024-02-16,102.45999908447266,102.45999908447266,104.3499984741211,102.3499984741211,103.66000366210938,466600
2024-02-20,101.9800033569336,101.9800033569336,102.61000061035156,101.0,101.3000030517578,602800
2024-02-21,103.7699966430664,103.7699966430664,103.91999816894533,101.1999969482422,101.1999969482422,568300
2024-02-22,104.37000274658205,104.37000274658205,104.83999633789062,102.7300033569336,103.51000213623048,494500
2024-02-23,104.44000244140624,104.44000244140624,105.80999755859376,104.3499984741211,105.12999725341795,402800
2024-02-26,103.95999908447266,103.95999908447266,104.9000015258789,103.76000213623048,103.91000366210938,489200
2024-02-27,105.62999725341795,105.62999725341795,106.12999725341795,104.1500015258789,104.7699966430664,593900
2024-02-28,107.3499984741211,107.3499984741211,107.37999725341795,105.5999984741211,105.8499984741211,885900
2024-02-29,109.58999633789062,109.58999633789062,111.18000030517578,107.97000122070312,108.27999877929688,1740300
2024-03-01,107.12000274658205,107.12000274658205,109.08999633789062,105.87000274658205,108.73999786376952,1186900
2024-03-04,108.51000213623048,108.51000213623048,109.13999938964844,106.83000183105467,106.91999816894533,1007300
2024-03-05,107.01000213623048,107.01000213623048,109.5,106.6999969482422,108.26000213623048,578800
2024-03-06,107.30999755859376,107.30999755859376,108.9000015258789,106.4499969482422,107.6999969482422,689300
2024-03-07,108.48999786376952,108.48999786376952,108.76000213623048,107.61000061035156,108.01000213623048,575400
2024-03-08,109.33000183105467,109.33000183105467,110.75,108.41999816894533,108.77999877929688,649800
2024-03-11,109.23999786376952,109.23999786376952,110.51000213623048,108.87999725341795,109.55999755859376,570000
2024-03-12,108.80999755859376,108.80999755859376,109.9499969482422,108.29000091552734,109.23999786376952,448600
2024-03-13,108.0,108.0,110.13999938964844,107.51000213623048,109.16999816894533,582200
2024-03-14,104.87999725341795,104.87999725341795,107.4800033569336,103.73999786376952,107.12999725341795,914200
2024-03-15,104.9000015258789,104.9000015258789,105.87999725341795,103.41999816894533,103.70999908447266,1158500
2024-03-18,104.16000366210938,104.16000366210938,105.30999755859376,103.31999969482422,105.11000061035156,1027100
2024-03-19,104.23999786376952,104.23999786376952,105.06999969482422,103.2300033569336,104.04000091552734,602400
2024-03-20,104.66999816894533,104.66999816894533,104.9499969482422,103.44000244140624,104.06999969482422,558800
2024-03-21,105.06999969482422,105.06999969482422,106.6500015258789,104.9000015258789,105.7300033569336,776900
2024-03-22,103.25,103.25,105.01000213623048,102.33000183105467,104.9000015258789,852200
2024-03-25,103.0,103.0,104.29000091552734,102.5,103.36000061035156,864500
2024-03-26,103.41999816894533,103.41999816894533,104.12000274658205,102.37000274658205,103.20999908447266,684100
2024-03-27,105.41000366210938,105.41000366210938,105.66000366210938,104.0500030517578,104.51000213623048,1224400
2024-03-28,105.0,105.0,106.0,104.8499984741211,105.54000091552734,656200
2024-04-01,103.2699966430664,103.2699966430664,105.0,103.23999786376952,105.0,507900
2024-04-02,102.20999908447266,102.20999908447266,102.62000274658205,100.95999908447266,102.31999969482422,869100
2024-04-03,102.3499984741211,102.3499984741211,103.41000366210938,101.81999969482422,102.0,466700
2024-04-04,101.68000030517578,101.68000030517578,103.91999816894533,101.16999816894533,103.3000030517578,771700
2024-04-05,102.27999877929688,102.27999877929688,103.20999908447266,101.16999816894533,101.62000274658205,643800
2024-04-08,106.41000366210938,106.41000366210938,106.95999908447266,102.12000274658205,102.33000183105467,1471100
2024-04-09,110.72000122070312,110.72000122070312,110.81999969482422,107.70999908447266,108.0,1757700
2024-04-10,107.9000015258789,107.9000015258789,108.97000122070312,106.37999725341795,108.0199966430664,1439200
2024-04-11,108.5,108.5,109.6500015258789,107.44000244140624,109.37999725341795,2903800
2024-04-12,103.48999786376952,103.48999786376952,108.02999877929688,103.33999633789062,107.45999908447266,994200
2024-04-15,102.31999969482422,102.31999969482422,104.6500015258789,101.48999786376952,104.3499984741211,951500
2024-04-16,100.27999877929688,100.27999877929688,102.02999877929688,99.93000030517578,102.02999877929688,1058600
2024-04-17,100.5500030517578,100.5500030517578,100.87999725341795,99.31999969482422,100.37999725341795,773200
2024-04-18,99.37999725341795,99.37999725341795,100.48999786376952,97.31999969482422,97.98999786376952,744400
2024-04-19,100.86000061035156,100.86000061035156,101.62000274658205,99.51000213623048,99.75,731100
2024-04-22,100.7699966430664,100.7699966430664,102.16000366210938,100.72000122070312,101.0,668800
2024-04-23,103.5,103.5,103.54000091552734,100.98999786376952,101.91999816894533,942600
2024-04-24,102.68000030517578,102.68000030517578,104.0500030517578,101.63999938964844,102.68000030517578,632100
2024-04-25,102.08999633789062,102.08999633789062,103.2300033569336,101.08999633789062,102.4000015258789,462300
2024-04-26,101.51000213623048,101.51000213623048,103.1500015258789,101.01000213623048,101.91999816894533,827400
2024-04-29,105.0199966430664,105.0199966430664,107.33999633789062,102.41999816894533,103.43000030517578,943000
2024-04-30,102.47000122070312,102.47000122070312,104.8499984741211,102.30999755859376,104.3000030517578,902500
2024-05-01,102.5999984741211,102.5999984741211,104.54000091552734,101.72000122070312,102.80999755859376,816100
2024-05-02,101.08000183105467,101.08000183105467,103.62000274658205,100.33999633789062,103.37000274658205,675100
2024-05-03,100.61000061035156,100.61000061035156,102.63999938964844,100.54000091552734,102.48999786376952,859100
2024-05-06,102.81999969482422,102.81999969482422,102.87000274658205,100.6999969482422,100.88999938964844,898200
2024-05-07,103.16999816894533,103.16999816894533,103.88999938964844,102.8499984741211,103.31999969482422,502500
2024-05-08,102.83000183105467,102.83000183105467,103.54000091552734,102.75,102.97000122070312,489300
2024-05-09,104.33999633789062,104.33999633789062,104.41000366210938,102.02999877929688,102.68000030517578,403300
2024-05-10,104.8000030517578,104.8000030517578,106.12999725341795,104.56999969482422,104.83000183105467,608000
2024-05-13,105.5500030517578,105.5500030517578,106.76000213623048,104.94000244140624,104.94000244140624,550800
2024-05-14,106.52999877929688,106.52999877929688,107.25,104.69000244140624,106.52999877929688,884000
2024-05-15,107.30999755859376,107.30999755859376,108.48999786376952,107.16999816894533,108.1999969482422,1477400
2024-05-16,108.45999908447266,108.45999908447266,109.62000274658205,106.16999816894533,106.69000244140624,1232400
2024-05-17,110.2300033569336,110.2300033569336,110.33000183105467,107.44000244140624,108.77999877929688,1087200
2024-05-20,112.0199966430664,112.0199966430664,112.26000213623048,109.8000030517578,110.12000274658205,883900
2024-05-21,113.2300033569336,113.2300033569336,113.5,109.6500015258789,111.54000091552734,1052200
2024-05-22,112.66999816894533,112.66999816894533,114.33999633789062,112.52999877929688,112.87999725341795,864100
2024-05-23,111.88999938964844,111.88999938964844,113.2300033569336,110.6999969482422,112.23999786376952,1046500
2024-05-24,113.2699966430664,113.2699966430664,113.45999908447266,111.76000213623048,112.1500015258789,647700
2024-05-28,111.86000061035156,111.86000061035156,113.95999908447266,111.02999877929688,113.0500030517578,1166600
2024-05-29,109.75,109.75,111.27999877929688,108.44000244140624,110.86000061035156,803500
2024-05-30,108.33999633789062,108.33999633789062,108.62000274658205,103.41000366210938,105.0,2072800
2024-05-31,109.26000213623048,109.26000213623048,109.77999877929688,107.29000091552734,108.61000061035156,1451800
2024-06-03,108.8000030517578,108.8000030517578,110.81999969482422,107.95999908447266,109.38999938964844,826400
2024-06-04,108.52999877929688,108.52999877929688,110.0,107.77999877929688,108.80999755859376,593300
2024-06-05,109.86000061035156,109.86000061035156,110.2699966430664,107.79000091552734,108.68000030517578,497900
2024-06-06,111.0199966430664,111.0199966430664,111.30999755859376,106.0999984741211,107.30999755859376,713500
2024-06-07,110.91999816894533,110.91999816894533,111.0500030517578,109.5999984741211,110.3000030517578,736800
2024-06-10,109.3000030517578,109.3000030517578,110.43000030517578,108.5199966430664,110.38999938964844,919100
2024-06-11,109.6999969482422,109.6999969482422,110.04000091552734,108.0199966430664,108.8000030517578,832500
2024-06-12,112.5500030517578,112.5500030517578,112.88999938964844,111.33000183105467,111.36000061035156,1010500
2024-06-13,110.72000122070312,110.72000122070312,112.37000274658205,109.61000061035156,112.02999877929688,2137000
2024-06-14,108.6500015258789,108.6500015258789,110.6999969482422,107.62000274658205,110.01000213623048,1078300
2024-06-17,107.38999938964844,107.38999938964844,109.11000061035156,106.8000030517578,108.29000091552734,629800
2024-06-18,107.29000091552734,107.29000091552734,108.37999725341795,106.5500030517578,107.31999969482422,583200
2024-06-20,107.5,107.5,107.7300033569336,105.86000061035156,106.3000030517578,688600
2024-06-21,107.9800033569336,107.9800033569336,109.06999969482422,107.08000183105467,107.76000213623048,845000
2024-06-24,106.9000015258789,106.9000015258789,108.44000244140624,106.6500015258789,108.44000244140624,553200
2024-06-25,104.63999938964844,104.63999938964844,106.73999786376952,104.05999755859376,106.6500015258789,606400
2024-06-26,104.31999969482422,104.31999969482422,104.8499984741211,103.81999969482422,104.30999755859376,809100
2024-06-27,105.70999908447266,105.70999908447266,106.0199966430664,103.26000213623048,103.68000030517578,1092600
2024-06-28,104.86000061035156,104.86000061035156,106.55999755859376,103.11000061035156,105.62000274658205,1670700
2024-07-01,103.0,103.0,107.18000030517578,102.97000122070312,104.87000274658205,1070700
2024-07-02,102.01000213623048,102.01000213623048,103.75,101.72000122070312,102.9499969482422,651000
2024-07-03,102.55999755859376,102.55999755859376,103.04000091552734,101.3000030517578,102.62999725341795,381600
2024-07-05,103.55999755859376,103.55999755859376,103.8000030517578,101.86000061035156,102.98999786376952,475600
2024-07-08,104.63999938964844,104.63999938964844,104.97000122070312,103.6999969482422,104.9000015258789,660700
2024-07-09,104.01000213623048,104.01000213623048,105.4000015258789,102.87999725341795,104.83999633789062,488600
2024-07-10,106.69000244140624,106.69000244140624,106.97000122070312,104.0500030517578,104.54000091552734,661800
2024-07-11,109.81999969482422,109.81999969482422,110.8499984741211,107.6999969482422,108.1999969482422,556600
2024-07-12,109.5199966430664,109.5199966430664,111.66999816894533,109.2699966430664,110.4000015258789,1785700
2024-07-15,108.11000061035156,108.11000061035156,109.77999877929688,107.63999938964844,109.29000091552734,1109600
2024-07-16,113.12000274658205,113.12000274658205,113.79000091552734,108.2300033569336,108.66000366210938,1498500
2024-07-17,113.37999725341795,113.37999725341795,114.11000061035156,112.47000122070312,113.12000274658205,799300
2024-07-18,109.87000274658205,109.87000274658205,113.73999786376952,109.41000366210938,111.86000061035156,873300
2024-07-19,108.1500015258789,108.1500015258789,109.98999786376952,106.91999816894533,109.98999786376952,615400
2024-07-22,110.69000244140624,110.69000244140624,110.8000030517578,108.02999877929688,109.01000213623048,520300
2024-07-23,110.04000091552734,110.04000091552734,112.29000091552734,108.98999786376952,112.29000091552734,742600
2024-07-24,111.61000061035156,111.61000061035156,112.62000274658205,110.31999969482422,110.33999633789062,887100
2024-07-25,112.80999755859376,112.80999755859376,114.13999938964844,111.4000015258789,111.4000015258789,1216600
2024-07-26,115.1500015258789,115.1500015258789,116.77999877929688,113.30999755859376,113.94000244140624,1384100
2024-07-29,125.58999633789062,125.58999633789062,126.08000183105467,118.11000061035156,121.44000244140624,2220300
2024-07-30,127.16000366210938,127.16000366210938,127.6999969482422,122.62000274658205,126.0199966430664,1413500
2024-07-31,125.61000061035156,125.61000061035156,128.14999389648438,125.04000091552734,127.1999969482422,893200
2024-08-01,125.02999877929688,125.02999877929688,127.86000061035156,123.01000213623048,126.43000030517578,1113200
2024-08-02,123.2699966430664,123.2699966430664,124.93000030517578,118.75,124.0500030517578,1063100
2024-08-05,120.19000244140624,120.19000244140624,122.0500030517578,118.58999633789062,121.19000244140624,860100
2024-08-06,120.02999877929688,120.02999877929688,123.63999938964844,119.79000091552734,120.4800033569336,640800
2024-08-07,115.63999938964844,115.63999938964844,121.13999938964844,115.30999755859376,121.11000061035156,1131100
2024-08-08,119.12999725341795,119.12999725341795,119.13999938964844,115.1999969482422,115.63999938964844,519600
2024-08-09,118.75,118.75,119.36000061035156,117.75,118.7300033569336,512700
2024-08-12,117.9800033569336,117.9800033569336,118.75,116.62000274658205,118.75,485500
2024-08-13,119.06999969482422,119.06999969482422,119.98999786376952,117.66999816894533,118.3000030517578,526600
2024-08-14,117.44000244140624,117.44000244140624,119.47000122070312,116.95999908447266,119.44000244140624,475300
2024-08-15,119.9800033569336,119.9800033569336,120.4000015258789,117.7699966430664,118.25,532000
2024-08-16,119.66000366210938,119.66000366210938,120.98999786376952,119.0199966430664,119.52999877929688,597400
2024-08-19,120.23999786376952,120.23999786376952,120.77999877929688,119.3000030517578,119.91000366210938,552600
2024-08-20,119.5,119.5,121.26000213623048,119.43000030517578,120.33999633789062,558900
2024-08-21,120.7300033569336,120.7300033569336,120.91000366210938,119.23999786376952,120.43000030517578,475600
2024-08-22,119.38999938964844,119.38999938964844,121.3499984741211,119.0,121.06999969482422,404200
2024-08-23,121.25,121.25,121.86000061035156,119.01000213623048,120.41000366210938,578500
2024-08-26,121.18000030517578,121.18000030517578,122.12999725341795,120.79000091552734,121.66999816894533,448400
2024-08-27,122.44000244140624,122.44000244140624,122.54000091552734,120.26000213623048,121.05999755859376,542000
2024-08-28,121.29000091552734,121.29000091552734,123.41000366210938,120.81999969482422,121.62000274658205,571200
2024-08-29,122.18000030517578,122.18000030517578,122.97000122070312,120.73999786376952,122.01000213623048,460700
2024-08-30,122.54000091552734,122.54000091552734,123.23999786376952,120.73999786376952,122.55999755859376,786600
2024-09-03,119.73999786376952,119.73999786376952,122.80999755859376,118.94000244140624,121.51000213623048,544600
2024-09-04,117.62999725341795,117.62999725341795,119.80999755859376,117.36000061035156,119.41000366210938,622600
2024-09-05,117.12000274658205,117.12000274658205,117.76000213623048,116.2300033569336,117.6500015258789,603200
2024-09-06,115.41000366210938,115.41000366210938,118.81999969482422,114.91999816894533,117.12000274658205,643200
2024-09-09,118.76000213623048,118.76000213623048,119.19000244140624,116.2300033569336,116.30999755859376,726200
2024-09-10,121.08999633789062,121.08999633789062,121.12999725341795,117.3499984741211,118.4000015258789,800400
2024-09-11,121.01000213623048,121.01000213623048,121.1500015258789,118.7699966430664,120.58999633789062,792200
2024-09-12,120.1500015258789,120.1500015258789,120.75,117.62999725341795,120.75,659300
2024-09-13,122.02999877929688,122.02999877929688,122.16999816894533,119.9800033569336,120.62999725341795,446200
2024-09-16,122.8000030517578,122.8000030517578,123.62000274658205,121.63999938964844,122.98999786376952,622600
2024-09-17,122.70999908447266,122.70999908447266,123.5,121.26000213623048,123.5,533300
2024-09-18,124.58999633789062,124.58999633789062,126.62999725341795,121.8000030517578,122.70999908447266,920600
2024-09-19,126.4800033569336,126.4800033569336,128.0,125.52999877929688,126.80999755859376,728200
2024-09-20,122.88999938964844,122.88999938964844,125.0500030517578,121.76000213623048,124.93000030517578,1349700
2024-09-23,122.06999969482422,122.06999969482422,124.3499984741211,121.63999938964844,124.0,365300
2024-09-24,124.94000244140624,124.94000244140624,125.44000244140624,121.62000274658205,122.43000030517578,638100
2024-09-25,122.08999633789062,122.08999633789062,125.58000183105467,121.58999633789062,124.98999786376952,562600
2024-09-26,126.33999633789062,126.33999633789062,126.5199966430664,122.9499969482422,123.7300033569336,771700
2024-09-27,126.05999755859376,126.05999755859376,127.91000366210938,125.48999786376952,126.5500030517578,680500
2024-09-30,127.75,127.75,127.80999755859376,125.33000183105467,125.70999908447266,669500
2024-10-01,124.44000244140624,124.44000244140624,127.83000183105467,124.41999816894533,127.6999969482422,695200
2024-10-02,125.08000183105467,125.08000183105467,125.98999786376952,122.72000122070312,124.0199966430664,643400
2024-10-03,124.0999984741211,124.0999984741211,124.62000274658205,122.9499969482422,124.36000061035156,599300
2024-10-04,123.95999908447266,123.95999908447266,126.04000091552734,123.76000213623048,125.3499984741211,431300
2024-10-07,122.52999877929688,122.52999877929688,123.13999938964844,121.43000030517578,123.08000183105467,573500
2024-10-08,122.02999877929688,122.02999877929688,123.13999938964844,121.76000213623048,122.29000091552734,439900
2024-10-09,121.51000213623048,121.51000213623048,122.5999984741211,120.87000274658205,122.02999877929688,533700
2024-10-10,120.2300033569336,120.2300033569336,121.31999969482422,120.04000091552734,120.9800033569336,388200
2024-10-11,121.51000213623048,121.51000213623048,122.83999633789062,120.04000091552734,120.04000091552734,575700
2024-10-14,122.91000366210938,122.91000366210938,123.16999816894533,121.05999755859376,121.45999908447266,515300
2024-10-15,124.36000061035156,124.36000061035156,126.08999633789062,123.5199966430664,124.61000061035156,937500
2024-10-16,120.18000030517578,120.18000030517578,124.5,119.16999816894533,123.98999786376952,903400
2024-10-17,119.0500030517578,119.0500030517578,122.54000091552734,118.1999969482422,121.6999969482422,702100
2024-10-18,119.66999816894533,119.66999816894533,120.18000030517578,118.26000213623048,120.0,711400
2024-10-21,119.25,119.25,119.63999938964844,117.83000183105467,119.63999938964844,735800
2024-10-22,118.77999877929688,118.77999877929688,119.0,116.43000030517578,118.3499984741211,758500
2024-10-23,118.5,118.5,119.41000366210938,117.04000091552734,118.08000183105467,844100
2024-10-24,116.13999938964844,116.13999938964844,119.76000213623048,116.12999725341795,118.62999725341795,730400
2024-10-25,116.33000183105467,116.33000183105467,117.41000366210938,115.2699966430664,116.73999786376952,733600
2024-10-28,117.48999786376952,117.48999786376952,118.7699966430664,116.41000366210938,117.66999816894533,772700
2024-10-29,117.76000213623048,117.76000213623048,118.41999816894533,116.38999938964844,117.1500015258789,479000
2024-10-30,120.02999877929688,120.02999877929688,123.01000213623048,116.8499984741211,118.3000030517578,1004100
2024-10-31,118.58999633789062,118.58999633789062,120.13999938964844,117.51000213623048,119.4000015258789,946500
2024-11-01,121.04000091552734,121.04000091552734,124.18000030517578,119.9000015258789,119.9000015258789,1474300
2024-11-04,124.81999969482422,124.81999969482422,128.8300018310547,120.75,122.54000091552734,2389100
2024-11-05,125.95999908447266,125.95999908447266,126.0,121.43000030517578,123.29000091552734,855900
2024-11-06,124.86000061035156,124.86000061035156,129.5,120.5999984741211,129.0399932861328,1441900
2024-11-07,124.0,124.0,126.16000366210938,123.5,125.44000244140624,829300
2024-11-08,122.47000122070312,122.47000122070312,123.97000122070312,118.9800033569336,123.16999816894533,999700
2024-11-11,120.63999938964844,120.63999938964844,122.0999984741211,119.0199966430664,121.5500030517578,1293800
2024-11-12,120.3499984741211,120.3499984741211,120.76000213623048,119.66000366210938,120.0,691100
2024-11-13,119.73999786376952,119.73999786376952,120.8499984741211,119.33999633789062,120.2300033569336,808700
2024-11-14,116.0500030517578,116.0500030517578,119.58999633789062,115.87999725341795,119.58999633789062,732500
2024-11-15,109.5199966430664,109.5199966430664,117.54000091552734,109.22000122070312,115.23999786376952,1817400
2024-11-18,109.47000122070312,109.47000122070312,110.8000030517578,109.0,109.5199966430664,1299200
2024-11-19,109.91000366210938,109.91000366210938,110.16999816894533,107.16999816894533,108.4800033569336,843900
2024-11-20,111.33999633789062,111.33999633789062,111.37000274658205,108.54000091552734,110.31999969482422,952200
2024-11-21,111.11000061035156,111.11000061035156,114.12999725341795,109.72000122070312,111.37999725341795,1375000
2024-11-22,112.02999877929688,112.02999877929688,112.62999725341795,109.16999816894533,111.11000061035156,1143900
2024-11-25,114.66000366210938,114.66000366210938,115.22000122070312,110.9499969482422,113.0,1408800
2024-11-26,115.06999969482422,115.06999969482422,115.23999786376952,112.3000030517578,113.63999938964844,1013600
2024-11-27,116.2300033569336,116.2300033569336,117.01000213623048,114.70999908447266,115.9800033569336,622400
2024-11-29,116.13999938964844,116.13999938964844,116.91999816894533,115.72000122070312,116.05999755859376,389600
2024-12-02,116.6999969482422,116.6999969482422,116.83999633789062,115.16000366210938,115.79000091552734,775200
2024-12-03,115.0199966430664,115.0199966430664,117.0500030517578,114.55999755859376,116.58000183105467,699500
2024-12-04,116.12999725341795,116.12999725341795,117.2300033569336,114.05999755859376,114.47000122070312,742900
2024-12-05,115.08999633789062,115.08999633789062,116.19000244140624,114.33999633789062,115.52999877929688,1216100
2024-12-06,116.45999908447266,116.45999908447266,117.54000091552734,115.6500015258789,115.80999755859376,709500
2024-12-09,120.29000091552734,120.29000091552734,120.61000061035156,116.51000213623048,116.51000213623048,709500
2024-12-10,117.83999633789062,117.83999633789062,120.80999755859376,117.56999969482422,120.79000091552734,743100
2024-12-11,116.63999938964844,116.63999938964844,119.4800033569336,116.33000183105467,118.5,973300
2024-12-12,116.01000213623048,116.01000213623048,116.81999969482422,115.58999633789062,115.98999786376952,1456000
2024-12-13,115.94000244140624,115.94000244140624,116.70999908447266,113.06999969482422,116.70999908447266,1275000
2024-12-16,115.16999816894533,115.16999816894533,116.25,114.5,115.29000091552734,698100
2024-12-17,114.75,114.75,117.41000366210938,114.33000183105467,115.0999984741211,743700
2024-12-18,109.13999938964844,109.13999938964844,115.1999969482422,109.0999984741211,114.08000183105467,1006600
2024-12-19,110.54000091552734,110.54000091552734,111.04000091552734,107.63999938964844,109.0,739000
2024-12-20,112.55999755859376,112.55999755859376,113.66000366210938,110.1500015258789,110.1500015258789,2049600
2024-12-23,,112.2699966430664,112.44000244140624,110.3499984741211,111.31999969482422,659700
2024-12-24,,112.33999633789062,113.11000061035156,111.27999877929688,112.23999786376952,214100
2024-12-26,,112.5,112.72000122070312,110.94000244140624,111.4499969482422,266200
2024-12-27,,111.98999786376952,112.69000244140624,110.9800033569336,111.30999755859376,345800
2024-12-30,,111.30999755859376,112.08000183105467,109.38999938964844,110.9000015258789,400000
2024-12-31,,111.61000061035156,112.9800033569336,111.2300033569336,112.0199966430664,337900
